survey_year,unitid,institution_me,opeid.x,campus_id.x,in_baltimore_area,in_baltimore_city,public,hbcu,category,campus_me,murder_non_negligent_manslaughter,negligent_manslaughter,rape,fondling,incest,statutory_rape,robbery,aggravated_assault,burglary,motor_vehicle_theft,arson,total_crime,violent_crime,property_crime,sexual_crime,sex_offenses_forcible,sex_offenses_non_forcible
2014,162007,Bowie State University,206200,1,n,n,y,y,public property,Main Campus,0,0,0,0,0,0,0,0,0,0,0,0,0,0,0,0,0
2014,162007,Bowie State University,206200,1,n,n,y,y,on campus,Main Campus,0,0,2,0,0,0,1,4,26,1,0,34,7,27,2,2,0
2014,162584,Frostburg State University,207200,1,n,n,y,n,non-campus,Main Campus,0,0,0,0,0,0,0,0,0,0,0,0,0,0,0,0,0
2014,162584,Frostburg State University,207200,1,n,n,y,n,public property,Main Campus,0,0,0,0,0,0,0,0,0,0,0,0,0,0,0,0,0
2014,162584,Frostburg State University,207200,1,n,n,y,n,on campus,Main Campus,0,0,2,4,0,0,0,0,9,0,0,15,2,9,6,6,0
2014,162760,Hood College,207600,1,n,n,n,n,non-campus,Hood College,0,0,1,0,0,0,0,0,0,0,0,1,1,0,1,1,0
2014,162760,Hood College,207600,1,n,n,n,n,public property,Hood College,0,0,0,0,0,0,0,1,0,1,0,2,1,1,0,0,0
2014,162760,Hood College,207600,1,n,n,n,n,on campus,Hood College,0,0,3,0,0,0,0,1,1,1,0,6,4,2,3,3,0
2014,163462,Mount St. Mary's University,208600,1,n,n,n,n,public property,Main Campus,0,0,0,2,0,0,0,0,0,0,0,2,0,0,2,2,0
2014,163462,Mount St. Mary's University,208600,2,n,n,n,n,public property,Frederick Campus,0,0,0,0,0,0,0,0,0,0,0,0,0,0,0,0,0
2014,163462,Mount St. Mary's University,208600,1,n,n,n,n,on campus,Main Campus,0,0,8,2,0,0,0,0,16,1,0,27,8,17,10,10,0
2014,163462,Mount St. Mary's University,208600,2,n,n,n,n,on campus,Frederick Campus,0,0,0,0,0,0,0,0,0,0,0,0,0,0,0,0,0
2014,163851,Salisbury University,209100,1,n,n,y,n,non-campus,Main Campus,0,0,0,0,0,0,0,0,0,0,0,0,0,0,0,0,0
2014,163851,Salisbury University,209100,1,n,n,y,n,public property,Main Campus,0,0,0,0,0,0,1,0,0,0,0,1,1,0,0,0,0
2014,163851,Salisbury University,209100,1,n,n,y,n,on campus,Main Campus,0,0,3,1,0,0,0,2,3,1,0,10,5,4,4,4,0
2014,163912,St. Mary's College of Maryland,209500,1,n,n,n,n,public property,St. Mary's College of Maryland,0,0,0,1,0,0,0,0,0,0,0,1,0,0,1,1,0
2014,163912,St. Mary's College of Maryland,209500,1,n,n,n,n,on campus,St. Mary's College of Maryland,0,0,7,4,0,0,0,1,18,2,0,32,8,20,11,11,0
2014,163338,University of Maryland Eastern Shore,210600,1,n,n,y,y,non-campus,Main Campus,0,0,0,0,0,0,0,0,0,0,0,0,0,0,0,0,0
2014,163338,University of Maryland Eastern Shore,210600,1,n,n,y,y,public property,Main Campus,0,0,0,0,0,0,2,2,0,0,0,4,4,0,0,0,0
2014,163338,University of Maryland Eastern Shore,210600,1,n,n,y,y,on campus,Main Campus,0,0,2,4,0,0,0,2,15,0,0,23,4,15,6,6,0
2014,163286,University of Maryland-College Park,210300,1,n,n,y,n,non-campus,Main Campus,0,0,0,0,0,0,0,0,2,0,0,2,0,2,0,0,0
2014,163286,University of Maryland-College Park,210300,1,n,n,y,n,public property,Main Campus,0,0,0,1,0,0,1,0,0,0,0,2,1,0,1,1,0
2014,163286,University of Maryland-College Park,210300,1,n,n,y,n,on campus,Main Campus,0,0,10,9,0,0,3,3,74,40,3,142,16,117,19,19,0
2014,164216,Washington College,210800,1,n,n,n,n,non-campus,Main Campus,0,0,0,0,0,0,0,0,1,0,0,1,0,1,0,0,0
2014,164216,Washington College,210800,1,n,n,n,n,public property,Main Campus,0,0,0,0,0,0,0,0,0,0,0,0,0,0,0,0,0
2014,164216,Washington College,210800,1,n,n,n,n,on campus,Main Campus,0,0,3,1,0,0,0,0,0,0,0,4,3,0,4,4,0
2014,162283,Coppin State University,206800,1,y,y,y,y,public property,Coppin State University,0,0,3,0,0,0,4,6,0,5,0,18,13,5,3,3,0
2014,162283,Coppin State University,206800,1,y,y,y,y,on campus,Coppin State University,0,0,0,0,0,0,4,1,22,5,0,32,5,27,0,0,0
2014,162654,Goucher College,207300,1,y,n,n,n,non-campus,Goucher College Campus,0,0,0,0,0,0,0,0,0,0,0,0,0,0,0,0,0
2014,162654,Goucher College,207300,1,y,n,n,n,public property,Goucher College Campus,0,0,0,0,0,0,0,0,0,0,0,0,0,0,0,0,0
2014,162654,Goucher College,207300,1,y,n,n,n,on campus,Goucher College Campus,0,0,7,1,0,0,1,0,0,0,0,9,8,0,8,8,0
2014,162928,Johns Hopkins University,207700,1,y,y,n,n,non-campus,JHU  HOMEWOOD  CAMPUS- BALTIMORE- MARYLAND,0,0,1,2,0,0,0,1,6,0,0,10,2,6,3,3,0
2014,162928,Johns Hopkins University,207700,2,y,y,n,n,non-campus,Johns Hopkins Medical Institutions- Baltimore- Md.,0,0,0,0,0,0,0,0,0,0,0,0,0,0,0,0,0
2014,162928,Johns Hopkins University,207700,11,y,y,n,n,non-campus,Peabody Institute of Johns Hopkins University,0,0,0,0,0,0,0,0,0,0,0,0,0,0,0,0,0
2014,162928,Johns Hopkins University,207700,1,y,y,n,n,public property,JHU  HOMEWOOD  CAMPUS- BALTIMORE- MARYLAND,0,0,0,0,0,0,1,1,0,1,0,3,2,1,0,0,0
2014,162928,Johns Hopkins University,207700,2,y,y,n,n,public property,Johns Hopkins Medical Institutions- Baltimore- Md.,0,0,0,0,0,0,0,0,0,0,0,0,0,0,0,0,0
2014,162928,Johns Hopkins University,207700,3,y,y,n,n,public property,Harbor East Campus- Baltimore- Maryland,0,0,0,0,0,0,0,0,0,0,0,0,0,0,0,0,0
2014,162928,Johns Hopkins University,207700,6,y,n,n,n,public property,JHU Applied Physics Laboratory- Maryland,0,0,0,0,0,0,0,0,0,0,0,0,0,0,0,0,0
2014,162928,Johns Hopkins University,207700,11,y,y,n,n,public property,Peabody Institute of Johns Hopkins University,0,0,0,0,0,0,3,3,0,0,0,6,6,0,0,0,0
2014,162928,Johns Hopkins University,207700,1,y,y,n,n,on campus,JHU  HOMEWOOD  CAMPUS- BALTIMORE- MARYLAND,0,0,3,0,0,0,0,2,6,2,0,13,5,8,3,3,0
2014,162928,Johns Hopkins University,207700,2,y,y,n,n,on campus,Johns Hopkins Medical Institutions- Baltimore- Md.,0,0,0,1,0,0,4,3,2,1,0,11,7,3,1,1,0
2014,162928,Johns Hopkins University,207700,3,y,y,n,n,on campus,Harbor East Campus- Baltimore- Maryland,0,0,0,0,0,0,0,0,0,0,0,0,0,0,0,0,0
2014,162928,Johns Hopkins University,207700,6,y,n,n,n,on campus,JHU Applied Physics Laboratory- Maryland,0,0,0,0,0,0,0,0,0,0,0,0,0,0,0,0,0
2014,162928,Johns Hopkins University,207700,11,y,y,n,n,on campus,Peabody Institute of Johns Hopkins University,0,0,0,0,0,0,0,0,0,0,0,0,0,0,0,0,0
2014,163046,Loyola University Maryland,207800,1,y,y,n,n,non-campus,Loyola University Maryland Evergreen Campus,0,0,0,0,0,0,0,0,0,0,0,0,0,0,0,0,0
2014,163046,Loyola University Maryland,207800,1,y,y,n,n,public property,Loyola University Maryland Evergreen Campus,0,0,0,0,0,0,0,0,0,0,0,0,0,0,0,0,0
2014,163046,Loyola University Maryland,207800,2,y,n,n,n,public property,Loyola University Maryland Columbia Campus,0,0,0,0,0,0,0,0,0,0,0,0,0,0,0,0,0
2014,163046,Loyola University Maryland,207800,3,y,n,n,n,public property,Loyola University Maryland Timonium Campus,0,0,0,0,0,0,0,0,0,0,0,0,0,0,0,0,0
2014,163046,Loyola University Maryland,207800,4,y,y,n,n,public property,Loyola University Belvedere Clinical Center,0,0,0,0,0,0,0,0,0,0,0,0,0,0,0,0,0
2014,163046,Loyola University Maryland,207800,1,y,y,n,n,on campus,Loyola University Maryland Evergreen Campus,0,0,5,0,0,0,1,5,2,0,0,13,11,2,5,5,0
2014,163046,Loyola University Maryland,207800,2,y,n,n,n,on campus,Loyola University Maryland Columbia Campus,0,0,0,0,0,0,0,0,0,0,0,0,0,0,0,0,0
2014,163046,Loyola University Maryland,207800,3,y,n,n,n,on campus,Loyola University Maryland Timonium Campus,0,0,0,0,0,0,0,0,0,0,0,0,0,0,0,0,0
2014,163046,Loyola University Maryland,207800,4,y,y,n,n,on campus,Loyola University Belvedere Clinical Center,0,0,0,0,0,0,0,0,0,0,0,0,0,0,0,0,0
2014,163295,Maryland Institute College of Art,208000,1,y,y,n,n,non-campus,Main Campus,0,0,0,0,0,0,3,0,0,0,0,3,3,0,0,0,0
2014,163295,Maryland Institute College of Art,208000,1,y,y,n,n,public property,Main Campus,0,0,0,0,0,0,3,0,0,0,0,3,3,0,0,0,0
2014,163295,Maryland Institute College of Art,208000,1,y,y,n,n,on campus,Main Campus,0,0,0,0,0,0,0,0,2,0,0,2,0,2,0,0,0
2014,164270,McDaniel College,210900,1,y,n,n,n,non-campus,Main Campus,0,0,1,0,0,0,0,0,0,0,0,1,1,0,1,1,0
2014,164270,McDaniel College,210900,1,y,n,n,n,public property,Main Campus,0,0,0,0,0,0,0,0,0,0,0,0,0,0,0,0,0
2014,164270,McDaniel College,210900,1,y,n,n,n,on campus,Main Campus,0,0,3,1,0,0,2,1,3,2,2,14,6,7,4,4,0
2014,163453,Morgan State University,208300,1,y,y,y,y,non-campus,Main Campus,0,0,2,1,0,0,0,1,7,0,1,12,3,8,3,3,0
2014,163453,Morgan State University,208300,1,y,y,y,y,public property,Main Campus,0,0,0,0,0,0,1,0,0,0,0,1,1,0,0,0,0
2014,163453,Morgan State University,208300,1,y,y,y,y,on campus,Main Campus,0,0,1,1,0,0,13,4,8,0,0,27,18,8,2,2,0
2014,163578,Notre Dame of Maryland University,206500,1,y,y,n,n,non-campus,Notre Dame of Maryland University,0,0,0,0,0,0,0,0,0,0,0,0,0,0,0,0,0
2014,163578,Notre Dame of Maryland University,206500,1,y,y,n,n,public property,Notre Dame of Maryland University,0,0,0,0,0,0,0,0,0,0,0,0,0,0,0,0,0
2014,163578,Notre Dame of Maryland University,206500,1,y,y,n,n,on campus,Notre Dame of Maryland University,0,0,0,0,0,0,0,0,0,0,0,0,0,0,0,0,0
2014,164173,Stevenson University,210700,1,y,n,n,n,public property,Greenspring Campus,0,0,0,0,0,0,0,0,0,0,0,0,0,0,0,0,0
2014,164173,Stevenson University,210700,2,y,n,n,n,public property,Stevenson University Owings Mills Campus,0,0,0,0,0,0,0,0,0,0,0,0,0,0,0,0,0
2014,164173,Stevenson University,210700,1,y,n,n,n,on campus,Greenspring Campus,0,0,0,0,0,0,0,0,0,0,0,0,0,0,0,0,0
2014,164173,Stevenson University,210700,2,y,n,n,n,on campus,Stevenson University Owings Mills Campus,0,0,2,0,0,0,0,0,7,0,0,9,2,7,2,2,0
2014,164076,Towson University,209900,1,y,n,y,n,non-campus,Towson University,0,0,0,0,0,0,0,0,5,0,0,5,0,5,0,0,0
2014,164076,Towson University,209900,1,y,n,y,n,public property,Towson University,0,0,0,0,0,0,0,3,0,0,0,3,3,0,0,0,0
2014,164076,Towson University,209900,1,y,n,y,n,on campus,Towson University,0,0,4,1,0,0,0,5,5,1,0,16,9,6,5,5,0
2014,163259,University of Maryland- Baltimore,210400,1,y,y,y,n,non-campus,Main Campus,0,0,0,0,0,0,1,0,0,0,0,1,1,0,0,0,0
2014,163259,University of Maryland- Baltimore,210400,1,y,y,y,n,public property,Main Campus,0,0,0,0,0,0,17,7,0,9,0,33,24,9,0,0,0
2014,163259,University of Maryland- Baltimore,210400,1,y,y,y,n,on campus,Main Campus,0,0,0,0,0,0,2,4,1,2,0,9,6,3,0,0,0
2014,163268,University of Maryland-Baltimore County,210500,1,y,n,y,n,public property,Main Campus,0,0,0,1,0,0,0,0,0,0,0,1,0,0,1,1,0
2014,163268,University of Maryland-Baltimore County,210500,1,y,n,y,n,on campus,Main Campus,0,0,3,6,0,0,0,0,5,1,1,16,3,7,9,9,0
2015,162007,Bowie State University,206200,1,n,n,y,y,public property,Main Campus,0,0,0,0,0,0,0,0,0,0,0,0,0,0,0,0,0
2015,162007,Bowie State University,206200,1,n,n,y,y,on campus,Main Campus,0,0,1,0,0,0,2,2,22,0,0,27,5,22,1,1,0
2015,162584,Frostburg State University,207200,1,n,n,y,n,non-campus,Main Campus,0,0,0,0,0,0,1,0,0,0,0,1,1,0,0,0,0
2015,162584,Frostburg State University,207200,1,n,n,y,n,public property,Main Campus,0,0,0,0,0,0,0,0,0,0,0,0,0,0,0,0,0
2015,162584,Frostburg State University,207200,1,n,n,y,n,on campus,Main Campus,0,0,7,2,0,0,0,0,8,0,0,17,7,8,9,9,0
2015,162760,Hood College,207600,1,n,n,n,n,non-campus,Hood College,0,0,0,0,0,0,0,0,0,0,0,0,0,0,0,0,0
2015,162760,Hood College,207600,1,n,n,n,n,public property,Hood College,0,0,1,0,0,0,0,1,0,1,0,3,2,1,1,1,0
2015,162760,Hood College,207600,1,n,n,n,n,on campus,Hood College,0,0,2,1,0,0,0,0,1,0,0,4,2,1,3,3,0
2015,163462,Mount St. Mary's University,208600,1,n,n,n,n,non-campus,Main Campus,0,0,0,0,0,0,0,0,0,0,0,0,0,0,0,0,0
2015,163462,Mount St. Mary's University,208600,1,n,n,n,n,public property,Main Campus,0,0,0,0,0,0,0,0,0,0,0,0,0,0,0,0,0
2015,163462,Mount St. Mary's University,208600,2,n,n,n,n,public property,Frederick Campus,0,0,0,0,0,0,0,0,0,0,0,0,0,0,0,0,0
2015,163462,Mount St. Mary's University,208600,1,n,n,n,n,on campus,Main Campus,0,0,4,2,0,0,0,0,3,0,0,9,4,3,6,6,0
2015,163462,Mount St. Mary's University,208600,2,n,n,n,n,on campus,Frederick Campus,0,0,0,0,0,0,0,0,0,0,0,0,0,0,0,0,0
2015,163851,Salisbury University,209100,1,n,n,y,n,non-campus,Main Campus,0,0,0,0,0,0,0,0,0,0,0,0,0,0,0,0,0
2015,163851,Salisbury University,209100,1,n,n,y,n,public property,Main Campus,0,0,0,0,0,0,0,1,0,0,0,1,1,0,0,0,0
2015,163851,Salisbury University,209100,1,n,n,y,n,on campus,Main Campus,0,0,6,4,0,0,0,2,3,1,0,16,8,4,10,10,0
2015,163912,St. Mary's College of Maryland,209500,1,n,n,n,n,public property,St. Mary's College of Maryland,0,0,0,0,0,0,0,0,0,1,0,1,0,1,0,0,0
2015,163912,St. Mary's College of Maryland,209500,1,n,n,n,n,on campus,St. Mary's College of Maryland,0,0,5,3,0,0,1,1,12,5,0,27,7,17,8,8,0
2015,163338,University of Maryland Eastern Shore,210600,1,n,n,y,y,non-campus,Main Campus,0,0,0,1,0,0,0,0,7,0,1,9,0,8,1,1,0
2015,163338,University of Maryland Eastern Shore,210600,1,n,n,y,y,public property,Main Campus,0,0,0,0,0,0,0,0,0,0,0,0,0,0,0,0,0
2015,163338,University of Maryland Eastern Shore,210600,1,n,n,y,y,on campus,Main Campus,0,0,4,2,0,0,0,0,11,0,0,17,4,11,6,6,0
2015,163286,University of Maryland-College Park,210300,1,n,n,y,n,non-campus,Main Campus,0,0,0,0,0,0,0,0,0,4,0,4,0,4,0,0,0
2015,163286,University of Maryland-College Park,210300,1,n,n,y,n,public property,Main Campus,0,0,0,0,0,0,0,0,0,0,0,0,0,0,0,0,0
2015,163286,University of Maryland-College Park,210300,1,n,n,y,n,on campus,Main Campus,0,0,15,14,0,0,1,1,50,28,1,110,17,79,29,29,0
2015,164216,Washington College,210800,1,n,n,n,n,public property,Main Campus,0,0,0,0,0,0,0,0,0,0,0,0,0,0,0,0,0
2015,164216,Washington College,210800,1,n,n,n,n,on campus,Main Campus,0,0,2,2,0,0,0,0,7,1,0,12,2,8,4,4,0
2015,162283,Coppin State University,206800,1,y,y,y,y,public property,Coppin State University,0,0,1,0,0,0,5,1,0,9,0,16,7,9,1,1,0
2015,162283,Coppin State University,206800,1,y,y,y,y,on campus,Coppin State University,0,0,2,0,0,0,1,2,13,5,0,23,5,18,2,2,0
2015,162654,Goucher College,207300,1,y,n,n,n,non-campus,Goucher College Campus,0,0,0,1,0,0,0,0,0,0,0,1,0,0,1,1,0
2015,162654,Goucher College,207300,1,y,n,n,n,public property,Goucher College Campus,0,0,0,0,0,0,0,0,0,0,0,0,0,0,0,0,0
2015,162654,Goucher College,207300,1,y,n,n,n,on campus,Goucher College Campus,0,0,10,3,0,0,0,0,1,0,0,14,10,1,13,13,0
2015,162928,Johns Hopkins University,207700,1,y,y,n,n,non-campus,JHU  HOMEWOOD  CAMPUS- BALTIMORE- MARYLAND,0,0,2,0,0,0,0,1,5,0,1,9,3,6,2,2,0
2015,162928,Johns Hopkins University,207700,2,y,y,n,n,non-campus,Johns Hopkins Medical Institutions- Baltimore- Md.,0,0,0,1,0,0,0,0,0,0,0,1,0,0,1,1,0
2015,162928,Johns Hopkins University,207700,11,y,y,n,n,non-campus,Peabody Institute of Johns Hopkins University,0,0,0,0,0,0,0,0,0,0,0,0,0,0,0,0,0
2015,162928,Johns Hopkins University,207700,1,y,y,n,n,public property,JHU  HOMEWOOD  CAMPUS- BALTIMORE- MARYLAND,0,0,0,0,0,0,4,1,0,2,1,8,5,3,0,0,0
2015,162928,Johns Hopkins University,207700,2,y,y,n,n,public property,Johns Hopkins Medical Institutions- Baltimore- Md.,0,0,0,0,0,0,6,3,0,5,0,14,9,5,0,0,0
2015,162928,Johns Hopkins University,207700,3,y,y,n,n,public property,Harbor East Campus- Baltimore- Maryland,0,0,0,0,0,0,0,0,0,1,0,1,0,1,0,0,0
2015,162928,Johns Hopkins University,207700,6,y,n,n,n,public property,JHU Applied Physics Laboratory- Maryland,0,0,0,0,0,0,0,0,0,0,0,0,0,0,0,0,0
2015,162928,Johns Hopkins University,207700,11,y,y,n,n,public property,Peabody Institute of Johns Hopkins University,0,0,0,0,0,0,2,0,0,1,0,3,2,1,0,0,0
2015,162928,Johns Hopkins University,207700,1,y,y,n,n,on campus,JHU  HOMEWOOD  CAMPUS- BALTIMORE- MARYLAND,0,0,10,5,0,0,2,0,5,7,0,29,12,12,15,15,0
2015,162928,Johns Hopkins University,207700,2,y,y,n,n,on campus,Johns Hopkins Medical Institutions- Baltimore- Md.,0,0,0,3,0,0,0,4,2,1,0,10,4,3,3,3,0
2015,162928,Johns Hopkins University,207700,3,y,y,n,n,on campus,Harbor East Campus- Baltimore- Maryland,0,0,0,0,0,0,0,0,0,0,0,0,0,0,0,0,0
2015,162928,Johns Hopkins University,207700,6,y,n,n,n,on campus,JHU Applied Physics Laboratory- Maryland,0,0,0,0,0,0,0,0,0,0,0,0,0,0,0,0,0
2015,162928,Johns Hopkins University,207700,11,y,y,n,n,on campus,Peabody Institute of Johns Hopkins University,0,0,1,0,0,0,0,0,3,0,0,4,1,3,1,1,0
2015,163046,Loyola University Maryland,207800,1,y,y,n,n,public property,Loyola University Maryland Evergreen Campus,0,0,0,0,0,0,0,0,0,0,0,0,0,0,0,0,0
2015,163046,Loyola University Maryland,207800,2,y,n,n,n,public property,Loyola University Maryland Columbia Campus,0,0,0,0,0,0,0,0,0,0,0,0,0,0,0,0,0
2015,163046,Loyola University Maryland,207800,3,y,n,n,n,public property,Loyola University Maryland Timonium Campus,0,0,0,0,0,0,0,0,0,0,0,0,0,0,0,0,0
2015,163046,Loyola University Maryland,207800,4,y,y,n,n,public property,Loyola University Belvedere Clinical Center,0,0,0,0,0,0,1,0,0,0,0,1,1,0,0,0,0
2015,163046,Loyola University Maryland,207800,1,y,y,n,n,on campus,Loyola University Maryland Evergreen Campus,0,0,4,0,0,0,1,3,3,2,0,13,8,5,4,4,0
2015,163046,Loyola University Maryland,207800,2,y,n,n,n,on campus,Loyola University Maryland Columbia Campus,0,0,0,0,0,0,0,0,0,0,0,0,0,0,0,0,0
2015,163046,Loyola University Maryland,207800,3,y,n,n,n,on campus,Loyola University Maryland Timonium Campus,0,0,0,0,0,0,0,0,0,0,0,0,0,0,0,0,0
2015,163046,Loyola University Maryland,207800,4,y,y,n,n,on campus,Loyola University Belvedere Clinical Center,0,0,0,0,0,0,0,0,0,0,0,0,0,0,0,0,0
2015,163295,Maryland Institute College of Art,208000,1,y,y,n,n,non-campus,Main Campus,0,0,0,0,0,0,0,0,0,0,0,0,0,0,0,0,0
2015,163295,Maryland Institute College of Art,208000,1,y,y,n,n,public property,Main Campus,0,0,0,0,0,0,4,1,0,0,0,5,5,0,0,0,0
2015,163295,Maryland Institute College of Art,208000,1,y,y,n,n,on campus,Main Campus,0,0,1,2,0,0,1,0,0,1,0,5,2,1,3,3,0
2015,164270,McDaniel College,210900,1,y,n,n,n,non-campus,Main Campus,0,0,0,0,0,0,0,0,0,0,0,0,0,0,0,0,0
2015,164270,McDaniel College,210900,1,y,n,n,n,public property,Main Campus,0,0,0,0,0,0,0,0,0,0,0,0,0,0,0,0,0
2015,164270,McDaniel College,210900,1,y,n,n,n,on campus,Main Campus,0,0,2,0,0,0,0,0,0,0,0,2,2,0,2,2,0
2015,163453,Morgan State University,208300,1,y,y,y,y,non-campus,Main Campus,0,0,2,0,0,0,1,0,5,0,0,8,3,5,2,2,0
2015,163453,Morgan State University,208300,1,y,y,y,y,public property,Main Campus,0,0,0,0,0,0,0,0,0,0,0,0,0,0,0,0,0
2015,163453,Morgan State University,208300,1,y,y,y,y,on campus,Main Campus,0,0,2,4,0,0,2,5,4,0,0,17,9,4,6,6,0
2015,163578,Notre Dame of Maryland University,206500,1,y,y,n,n,non-campus,Notre Dame of Maryland University,0,0,0,0,0,0,0,0,0,0,0,0,0,0,0,0,0
2015,163578,Notre Dame of Maryland University,206500,1,y,y,n,n,public property,Notre Dame of Maryland University,0,0,0,0,0,0,0,0,0,0,0,0,0,0,0,0,0
2015,163578,Notre Dame of Maryland University,206500,1,y,y,n,n,on campus,Notre Dame of Maryland University,0,0,0,0,0,0,0,0,2,0,0,2,0,2,0,0,0
2015,164173,Stevenson University,210700,1,y,n,n,n,non-campus,Greenspring Campus,0,0,0,0,0,0,0,0,0,0,0,0,0,0,0,0,0
2015,164173,Stevenson University,210700,2,y,n,n,n,non-campus,Stevenson University Owings Mills Campus,0,0,0,0,0,0,0,0,0,0,0,0,0,0,0,0,0
2015,164173,Stevenson University,210700,1,y,n,n,n,public property,Greenspring Campus,0,0,0,0,0,0,0,0,0,0,0,0,0,0,0,0,0
2015,164173,Stevenson University,210700,2,y,n,n,n,public property,Stevenson University Owings Mills Campus,0,0,0,0,0,0,0,0,0,0,0,0,0,0,0,0,0
2015,164173,Stevenson University,210700,1,y,n,n,n,on campus,Greenspring Campus,0,0,0,0,0,0,0,0,0,0,0,0,0,0,0,0,0
2015,164173,Stevenson University,210700,2,y,n,n,n,on campus,Stevenson University Owings Mills Campus,0,0,1,2,0,0,1,1,12,0,0,17,3,12,3,3,0
2015,164076,Towson University,209900,1,y,n,y,n,non-campus,Towson University,0,0,0,0,0,0,1,0,0,0,0,1,1,0,0,0,0
2015,164076,Towson University,209900,1,y,n,y,n,public property,Towson University,0,0,0,0,0,0,0,0,0,0,0,0,0,0,0,0,0
2015,164076,Towson University,209900,1,y,n,y,n,on campus,Towson University,0,0,6,1,0,0,0,2,12,3,0,24,8,15,7,7,0
2015,163259,University of Maryland- Baltimore,210400,1,y,y,y,n,non-campus,Main Campus,0,0,0,0,0,0,0,0,0,0,0,0,0,0,0,0,0
2015,163259,University of Maryland- Baltimore,210400,1,y,y,y,n,public property,Main Campus,0,0,0,0,0,0,15,14,0,7,0,36,29,7,0,0,0
2015,163259,University of Maryland- Baltimore,210400,1,y,y,y,n,on campus,Main Campus,0,0,0,0,0,0,0,1,2,0,0,3,1,2,0,0,0
2015,163268,University of Maryland-Baltimore County,210500,1,y,n,y,n,public property,Main Campus,0,0,0,0,0,0,0,0,0,0,0,0,0,0,0,0,0
2015,163268,University of Maryland-Baltimore County,210500,1,y,n,y,n,on campus,Main Campus,0,0,10,7,0,0,0,1,4,1,0,23,11,5,17,17,0
2016,162007,Bowie State University,206200,1,n,n,y,y,non-campus,Main Campus,0,0,0,0,0,0,0,0,0,0,0,0,0,0,0,0,0
2016,162007,Bowie State University,206200,1,n,n,y,y,public property,Main Campus,0,0,0,0,0,0,0,0,0,0,0,0,0,0,0,0,0
2016,162007,Bowie State University,206200,1,n,n,y,y,on campus,Main Campus,0,0,0,0,0,0,2,1,12,1,0,16,3,13,0,0,0
2016,162584,Frostburg State University,207200,1,n,n,y,n,non-campus,Main Campus,0,0,0,0,0,0,0,0,0,0,0,0,0,0,0,0,0
2016,162584,Frostburg State University,207200,1,n,n,y,n,public property,Main Campus,0,0,0,0,0,0,0,0,0,0,0,0,0,0,0,0,0
2016,162584,Frostburg State University,207200,1,n,n,y,n,on campus,Main Campus,0,0,2,2,0,0,2,2,5,1,0,14,6,6,4,4,0
2016,162760,Hood College,207600,1,n,n,n,n,public property,Hood College,0,0,0,1,0,0,0,0,0,0,0,1,0,0,1,1,0
2016,162760,Hood College,207600,1,n,n,n,n,on campus,Hood College,0,0,4,0,0,0,0,0,1,0,0,5,4,1,4,4,0
2016,163462,Mount St. Mary's University,208600,1,n,n,n,n,non-campus,Main Campus,0,0,0,0,0,0,0,0,0,0,0,0,0,0,0,0,0
2016,163462,Mount St. Mary's University,208600,1,n,n,n,n,public property,Main Campus,0,0,0,0,0,0,0,0,0,0,0,0,0,0,0,0,0
2016,163462,Mount St. Mary's University,208600,2,n,n,n,n,public property,Frederick Campus,0,0,0,0,0,0,0,0,0,0,0,0,0,0,0,0,0
2016,163462,Mount St. Mary's University,208600,1,n,n,n,n,on campus,Main Campus,0,0,0,1,0,0,0,1,0,4,0,6,1,4,1,1,0
2016,163462,Mount St. Mary's University,208600,2,n,n,n,n,on campus,Frederick Campus,0,0,0,0,0,0,0,0,0,0,0,0,0,0,0,0,0
2016,163851,Salisbury University,209100,1,n,n,y,n,non-campus,Main Campus,0,0,0,0,0,0,0,0,0,0,0,0,0,0,0,0,0
2016,163851,Salisbury University,209100,1,n,n,y,n,public property,Main Campus,0,0,0,1,0,0,1,0,0,0,0,2,1,0,1,1,0
2016,163851,Salisbury University,209100,1,n,n,y,n,on campus,Main Campus,0,0,6,2,0,0,1,0,4,1,0,14,7,5,8,8,0
2016,163912,St. Mary's College of Maryland,209500,1,n,n,n,n,public property,St. Mary's College of Maryland,0,0,0,0,0,0,0,0,0,0,0,0,0,0,0,0,0
2016,163912,St. Mary's College of Maryland,209500,1,n,n,n,n,on campus,St. Mary's College of Maryland,0,0,8,7,0,0,0,1,17,2,10,45,9,29,15,15,0
2016,163338,University of Maryland Eastern Shore,210600,1,n,n,y,y,non-campus,Main Campus,0,0,1,0,0,0,0,1,17,0,0,19,2,17,1,1,0
2016,163338,University of Maryland Eastern Shore,210600,1,n,n,y,y,public property,Main Campus,0,0,0,0,0,0,0,0,0,0,0,0,0,0,0,0,0
2016,163338,University of Maryland Eastern Shore,210600,1,n,n,y,y,on campus,Main Campus,0,0,7,2,0,0,1,1,11,0,0,22,9,11,9,9,0
2016,163286,University of Maryland-College Park,210300,1,n,n,y,n,non-campus,Main Campus,0,0,0,0,0,0,0,0,1,0,0,1,0,1,0,0,0
2016,163286,University of Maryland-College Park,210300,1,n,n,y,n,public property,Main Campus,0,0,0,1,0,0,0,0,0,0,1,2,0,1,1,1,0
2016,163286,University of Maryland-College Park,210300,1,n,n,y,n,on campus,Main Campus,0,0,5,11,0,0,3,6,17,18,0,60,14,35,16,16,0
2016,164216,Washington College,210800,1,n,n,n,n,non-campus,Main Campus,0,0,0,0,0,0,0,0,0,0,0,0,0,0,0,0,0
2016,164216,Washington College,210800,1,n,n,n,n,public property,Main Campus,0,0,0,0,0,0,0,0,0,0,0,0,0,0,0,0,0
2016,164216,Washington College,210800,1,n,n,n,n,on campus,Main Campus,0,0,3,6,0,0,0,1,3,0,0,13,4,3,9,9,0
2016,162283,Coppin State University,206800,1,y,y,y,y,public property,Coppin State University,0,0,2,0,0,0,3,8,0,13,1,27,13,14,2,2,0
2016,162283,Coppin State University,206800,1,y,y,y,y,on campus,Coppin State University,0,0,0,0,0,0,2,1,13,2,1,19,3,16,0,0,0
2016,162654,Goucher College,207300,1,y,n,n,n,non-campus,Goucher College Campus,0,0,0,0,0,0,0,0,0,0,0,0,0,0,0,0,0
2016,162654,Goucher College,207300,1,y,n,n,n,public property,Goucher College Campus,0,0,0,0,0,0,0,0,0,0,0,0,0,0,0,0,0
2016,162654,Goucher College,207300,1,y,n,n,n,on campus,Goucher College Campus,0,0,8,4,0,0,1,1,5,0,1,20,10,6,12,12,0
2016,162928,Johns Hopkins University,207700,1,y,y,n,n,non-campus,JHU  HOMEWOOD  CAMPUS- BALTIMORE- MARYLAND,0,0,1,1,0,0,0,0,11,0,0,13,1,11,2,2,0
2016,162928,Johns Hopkins University,207700,2,y,y,n,n,non-campus,Johns Hopkins Medical Institutions- Baltimore- Md.,0,0,0,0,0,0,0,0,0,0,0,0,0,0,0,0,0
2016,162928,Johns Hopkins University,207700,11,y,y,n,n,non-campus,Peabody Institute of Johns Hopkins University,0,0,0,0,0,0,0,0,0,0,0,0,0,0,0,0,0
2016,162928,Johns Hopkins University,207700,1,y,y,n,n,public property,JHU  HOMEWOOD  CAMPUS- BALTIMORE- MARYLAND,0,0,0,0,0,0,6,6,0,6,0,18,12,6,0,0,0
2016,162928,Johns Hopkins University,207700,2,y,y,n,n,public property,Johns Hopkins Medical Institutions- Baltimore- Md.,1,0,0,1,0,0,19,6,0,7,0,34,26,7,1,1,0
2016,162928,Johns Hopkins University,207700,3,y,y,n,n,public property,Harbor East Campus- Baltimore- Maryland,0,0,0,0,0,0,1,0,0,0,0,1,1,0,0,0,0
2016,162928,Johns Hopkins University,207700,6,y,n,n,n,public property,JHU Applied Physics Laboratory- Maryland,0,0,0,0,0,0,0,0,0,0,0,0,0,0,0,0,0
2016,162928,Johns Hopkins University,207700,11,y,y,n,n,public property,Peabody Institute of Johns Hopkins University,0,0,0,0,0,0,4,1,0,0,0,5,5,0,0,0,0
2016,162928,Johns Hopkins University,207700,15,y,y,n,n,public property,Bayview Medical Center,0,0,0,0,0,0,1,0,0,0,0,1,1,0,0,0,0
2016,162928,Johns Hopkins University,207700,1,y,y,n,n,on campus,JHU  HOMEWOOD  CAMPUS- BALTIMORE- MARYLAND,0,0,5,1,0,0,1,2,9,2,0,20,8,11,6,6,0
2016,162928,Johns Hopkins University,207700,2,y,y,n,n,on campus,Johns Hopkins Medical Institutions- Baltimore- Md.,0,0,1,2,0,0,3,3,4,0,1,14,7,5,3,3,0
2016,162928,Johns Hopkins University,207700,3,y,y,n,n,on campus,Harbor East Campus- Baltimore- Maryland,0,0,0,0,0,0,0,0,0,0,0,0,0,0,0,0,0
2016,162928,Johns Hopkins University,207700,6,y,n,n,n,on campus,JHU Applied Physics Laboratory- Maryland,0,0,0,0,0,0,0,0,0,0,0,0,0,0,0,0,0
2016,162928,Johns Hopkins University,207700,11,y,y,n,n,on campus,Peabody Institute of Johns Hopkins University,0,0,0,1,0,0,0,0,0,0,0,1,0,0,1,1,0
2016,162928,Johns Hopkins University,207700,15,y,y,n,n,on campus,Bayview Medical Center,0,0,0,1,0,0,0,0,0,1,0,2,0,1,1,1,0
2016,163046,Loyola University Maryland,207800,1,y,y,n,n,public property,Loyola University Maryland Evergreen Campus,0,0,0,0,0,0,2,0,0,0,0,2,2,0,0,0,0
2016,163046,Loyola University Maryland,207800,2,y,n,n,n,public property,Loyola University Maryland Columbia Campus,0,0,0,0,0,0,0,0,0,0,0,0,0,0,0,0,0
2016,163046,Loyola University Maryland,207800,3,y,n,n,n,public property,Loyola University Maryland Timonium Campus,0,0,0,0,0,0,0,0,0,0,0,0,0,0,0,0,0
2016,163046,Loyola University Maryland,207800,4,y,y,n,n,public property,Loyola University Belvedere Clinical Center,0,0,0,0,0,0,0,0,0,0,0,0,0,0,0,0,0
2016,163046,Loyola University Maryland,207800,1,y,y,n,n,on campus,Loyola University Maryland Evergreen Campus,0,0,9,4,0,0,2,2,0,1,0,18,13,1,13,13,0
2016,163046,Loyola University Maryland,207800,2,y,n,n,n,on campus,Loyola University Maryland Columbia Campus,0,0,0,0,0,0,0,0,0,0,0,0,0,0,0,0,0
2016,163046,Loyola University Maryland,207800,3,y,n,n,n,on campus,Loyola University Maryland Timonium Campus,0,0,0,0,0,0,0,0,0,0,0,0,0,0,0,0,0
2016,163046,Loyola University Maryland,207800,4,y,y,n,n,on campus,Loyola University Belvedere Clinical Center,0,0,0,0,0,0,0,0,0,0,0,0,0,0,0,0,0
2016,163295,Maryland Institute College of Art,208000,1,y,y,n,n,non-campus,Main Campus,0,0,1,0,0,0,2,0,0,0,0,3,3,0,1,1,0
2016,163295,Maryland Institute College of Art,208000,1,y,y,n,n,public property,Main Campus,0,0,0,0,0,0,1,1,0,0,0,2,2,0,0,0,0
2016,163295,Maryland Institute College of Art,208000,1,y,y,n,n,on campus,Main Campus,0,0,0,2,0,0,1,0,2,0,0,5,1,2,2,2,0
2016,164270,McDaniel College,210900,1,y,n,n,n,non-campus,Main Campus,0,0,0,0,0,0,0,0,0,0,0,0,0,0,0,0,0
2016,164270,McDaniel College,210900,1,y,n,n,n,public property,Main Campus,0,0,0,0,0,0,0,0,0,0,0,0,0,0,0,0,0
2016,164270,McDaniel College,210900,1,y,n,n,n,on campus,Main Campus,0,0,16,1,0,0,0,0,3,0,0,20,16,3,17,17,0
2016,163453,Morgan State University,208300,1,y,y,y,y,non-campus,Main Campus,0,0,0,0,0,0,0,0,0,0,0,0,0,0,0,0,0
2016,163453,Morgan State University,208300,1,y,y,y,y,public property,Main Campus,0,0,0,0,0,0,3,3,0,0,0,6,6,0,0,0,0
2016,163453,Morgan State University,208300,1,y,y,y,y,on campus,Main Campus,1,0,4,7,0,0,3,1,3,1,0,20,9,4,11,11,0
2016,163578,Notre Dame of Maryland University,206500,1,y,y,n,n,non-campus,Notre Dame of Maryland University,0,0,0,0,0,0,0,0,0,0,0,0,0,0,0,0,0
2016,163578,Notre Dame of Maryland University,206500,1,y,y,n,n,public property,Notre Dame of Maryland University,0,0,0,0,0,0,0,0,0,0,0,0,0,0,0,0,0
2016,163578,Notre Dame of Maryland University,206500,1,y,y,n,n,on campus,Notre Dame of Maryland University,0,0,1,1,0,0,0,0,1,0,0,3,1,1,2,2,0
2016,164173,Stevenson University,210700,1,y,n,n,n,public property,Greenspring Campus,0,0,0,0,0,0,0,0,0,0,0,0,0,0,0,0,0
2016,164173,Stevenson University,210700,2,y,n,n,n,public property,Stevenson University Owings Mills Campus,0,0,0,0,0,0,0,0,0,0,0,0,0,0,0,0,0
2016,164173,Stevenson University,210700,1,y,n,n,n,on campus,Greenspring Campus,0,0,0,0,0,0,0,0,0,0,0,0,0,0,0,0,0
2016,164173,Stevenson University,210700,2,y,n,n,n,on campus,Stevenson University Owings Mills Campus,0,0,3,0,0,0,0,0,10,2,0,15,3,12,3,3,0
2016,164076,Towson University,209900,1,y,n,y,n,non-campus,Towson University,0,0,0,0,0,0,1,0,0,3,0,4,1,3,0,0,0
2016,164076,Towson University,209900,1,y,n,y,n,public property,Towson University,0,0,0,0,0,0,0,0,0,0,0,0,0,0,0,0,0
2016,164076,Towson University,209900,1,y,n,y,n,on campus,Towson University,0,0,8,3,0,0,1,0,8,0,0,20,9,8,11,11,0
2016,163259,University of Maryland- Baltimore,210400,1,y,y,y,n,non-campus,Main Campus,0,0,0,0,0,0,0,0,0,0,0,0,0,0,0,0,0
2016,163259,University of Maryland- Baltimore,210400,1,y,y,y,n,public property,Main Campus,1,0,1,2,0,0,27,14,0,8,0,53,43,8,3,3,0
2016,163259,University of Maryland- Baltimore,210400,1,y,y,y,n,on campus,Main Campus,0,0,0,1,0,0,0,0,0,1,0,2,0,1,1,1,0
2016,163268,University of Maryland-Baltimore County,210500,1,y,n,y,n,public property,Main Campus,0,0,0,0,0,0,0,0,0,0,0,0,0,0,0,0,0
2016,163268,University of Maryland-Baltimore County,210500,1,y,n,y,n,on campus,Main Campus,0,0,3,2,0,0,0,1,5,1,1,13,4,7,5,5,0
2017,162007,Bowie State University,206200,1,n,n,y,y,non-campus,Main Campus,0,0,0,0,0,0,0,0,0,0,0,0,0,0,0,0,0
2017,162007,Bowie State University,206200,1,n,n,y,y,public property,Main Campus,0,0,0,0,0,0,0,0,0,0,0,0,0,0,0,0,0
2017,162007,Bowie State University,206200,1,n,n,y,y,on campus,Main Campus,0,0,0,0,0,0,0,7,13,1,0,21,7,14,0,0,0
2017,162584,Frostburg State University,207200,1,n,n,y,n,non-campus,Main Campus,0,0,0,0,0,0,0,0,0,0,0,0,0,0,0,0,0
2017,162584,Frostburg State University,207200,1,n,n,y,n,public property,Main Campus,0,0,0,0,0,0,0,0,0,0,0,0,0,0,0,0,0
2017,162584,Frostburg State University,207200,1,n,n,y,n,on campus,Main Campus,0,0,0,1,0,0,0,0,4,0,0,5,0,4,1,1,0
2017,162760,Hood College,207600,1,n,n,n,n,public property,Hood College,0,0,0,0,0,0,0,0,0,0,0,0,0,0,0,0,0
2017,162760,Hood College,207600,1,n,n,n,n,on campus,Hood College,0,0,0,0,0,0,0,1,0,0,0,1,1,0,0,0,0
2017,163462,Mount St. Mary's University,208600,1,n,n,n,n,non-campus,Main Campus,0,0,0,0,0,0,0,0,0,0,0,0,0,0,0,0,0
2017,163462,Mount St. Mary's University,208600,2,n,n,n,n,non-campus,Frederick Campus,0,0,0,0,0,0,0,0,0,0,0,0,0,0,0,0,0
2017,163462,Mount St. Mary's University,208600,1,n,n,n,n,public property,Main Campus,0,0,0,0,0,0,0,0,0,0,0,0,0,0,0,0,0
2017,163462,Mount St. Mary's University,208600,2,n,n,n,n,public property,Frederick Campus,0,0,0,0,0,0,0,0,0,0,0,0,0,0,0,0,0
2017,163462,Mount St. Mary's University,208600,1,n,n,n,n,on campus,Main Campus,0,0,4,2,0,0,0,0,2,0,0,8,4,2,6,6,0
2017,163462,Mount St. Mary's University,208600,2,n,n,n,n,on campus,Frederick Campus,0,0,0,0,0,0,0,0,0,0,0,0,0,0,0,0,0
2017,163851,Salisbury University,209100,1,n,n,y,n,non-campus,Main Campus,0,0,0,0,0,0,0,0,0,0,0,0,0,0,0,0,0
2017,163851,Salisbury University,209100,1,n,n,y,n,public property,Main Campus,0,0,0,0,0,0,0,0,0,0,0,0,0,0,0,0,0
2017,163851,Salisbury University,209100,1,n,n,y,n,on campus,Main Campus,0,0,2,3,0,0,1,5,4,0,0,15,8,4,5,5,0
2017,163912,St. Mary's College of Maryland,209500,1,n,n,n,n,public property,St. Mary's College of Maryland,0,0,0,0,0,0,0,0,0,0,0,0,0,0,0,0,0
2017,163912,St. Mary's College of Maryland,209500,1,n,n,n,n,on campus,St. Mary's College of Maryland,0,0,9,9,0,0,0,0,18,0,1,37,9,19,18,18,0
2017,163338,University of Maryland Eastern Shore,210600,1,n,n,y,y,non-campus,Main Campus,0,0,0,0,0,0,1,0,5,0,0,6,1,5,0,0,0
2017,163338,University of Maryland Eastern Shore,210600,1,n,n,y,y,public property,Main Campus,0,0,0,0,0,0,0,0,0,0,0,0,0,0,0,0,0
2017,163338,University of Maryland Eastern Shore,210600,1,n,n,y,y,on campus,Main Campus,0,0,2,0,0,0,1,0,10,0,0,13,3,10,2,2,0
2017,163286,University of Maryland-College Park,210300,1,n,n,y,n,non-campus,Main Campus,1,0,0,0,0,0,0,0,0,1,0,2,1,1,0,0,0
2017,163286,University of Maryland-College Park,210300,1,n,n,y,n,public property,Main Campus,0,0,0,0,0,0,0,1,0,0,0,1,1,0,0,0,0
2017,163286,University of Maryland-College Park,210300,1,n,n,y,n,on campus,Main Campus,1,0,29,4,0,0,3,3,13,6,3,62,36,22,33,33,0
2017,164216,Washington College,210800,1,n,n,n,n,non-campus,Main Campus,0,0,0,0,0,0,0,0,0,0,0,0,0,0,0,0,0
2017,164216,Washington College,210800,1,n,n,n,n,public property,Main Campus,0,0,0,0,0,0,0,0,0,0,0,0,0,0,0,0,0
2017,164216,Washington College,210800,1,n,n,n,n,on campus,Main Campus,0,0,5,1,0,0,1,1,9,0,0,17,7,9,6,6,0
2017,162283,Coppin State University,206800,1,y,y,y,y,public property,Coppin State University,0,0,2,0,0,0,2,5,0,5,0,14,9,5,2,2,0
2017,162283,Coppin State University,206800,1,y,y,y,y,on campus,Coppin State University,0,0,1,0,0,0,1,1,9,3,0,15,3,12,1,1,0
2017,162654,Goucher College,207300,1,y,n,n,n,public property,Goucher College Campus,0,0,0,0,0,0,0,0,0,0,0,0,0,0,0,0,0
2017,162654,Goucher College,207300,1,y,n,n,n,on campus,Goucher College Campus,0,0,10,4,0,0,0,0,1,0,0,15,10,1,14,14,0
2017,162928,Johns Hopkins University,207700,1,y,y,n,n,non-campus,JHU  HOMEWOOD  CAMPUS- BALTIMORE- MARYLAND,0,0,4,9,0,0,0,3,16,0,0,32,7,16,13,13,0
2017,162928,Johns Hopkins University,207700,2,y,y,n,n,non-campus,Johns Hopkins Medical Institutions- Baltimore- Md.,0,0,0,0,0,0,0,0,0,0,0,0,0,0,0,0,0
2017,162928,Johns Hopkins University,207700,11,y,y,n,n,non-campus,Peabody Institute of Johns Hopkins University,0,0,0,0,0,0,0,0,0,0,0,0,0,0,0,0,0
2017,162928,Johns Hopkins University,207700,1,y,y,n,n,public property,JHU  HOMEWOOD  CAMPUS- BALTIMORE- MARYLAND,0,0,0,1,0,0,8,7,0,3,0,19,15,3,1,1,0
2017,162928,Johns Hopkins University,207700,2,y,y,n,n,public property,Johns Hopkins Medical Institutions- Baltimore- Md.,0,0,0,0,0,0,13,14,0,6,0,33,27,6,0,0,0
2017,162928,Johns Hopkins University,207700,3,y,y,n,n,public property,Harbor East Campus- Baltimore- Maryland,0,0,0,0,0,0,0,0,0,0,0,0,0,0,0,0,0
2017,162928,Johns Hopkins University,207700,6,y,n,n,n,public property,JHU Applied Physics Laboratory- Maryland,0,0,0,0,0,0,0,0,0,0,0,0,0,0,0,0,0
2017,162928,Johns Hopkins University,207700,11,y,y,n,n,public property,Peabody Institute of Johns Hopkins University,0,0,0,0,0,0,6,1,0,1,0,8,7,1,0,0,0
2017,162928,Johns Hopkins University,207700,15,y,y,n,n,public property,Bayview Medical Center,0,0,0,0,0,0,1,0,0,0,0,1,1,0,0,0,0
2017,162928,Johns Hopkins University,207700,1,y,y,n,n,on campus,JHU  HOMEWOOD  CAMPUS- BALTIMORE- MARYLAND,0,0,7,10,0,0,0,1,12,4,1,35,8,17,17,17,0
2017,162928,Johns Hopkins University,207700,2,y,y,n,n,on campus,Johns Hopkins Medical Institutions- Baltimore- Md.,1,0,1,4,0,0,1,19,12,0,0,38,22,12,5,5,0
2017,162928,Johns Hopkins University,207700,3,y,y,n,n,on campus,Harbor East Campus- Baltimore- Maryland,0,0,0,0,0,0,0,0,0,0,0,0,0,0,0,0,0
2017,162928,Johns Hopkins University,207700,6,y,n,n,n,on campus,JHU Applied Physics Laboratory- Maryland,0,0,0,0,0,0,0,0,0,0,0,0,0,0,0,0,0
2017,162928,Johns Hopkins University,207700,11,y,y,n,n,on campus,Peabody Institute of Johns Hopkins University,0,0,1,2,0,0,0,0,0,0,0,3,1,0,3,3,0
2017,162928,Johns Hopkins University,207700,15,y,y,n,n,on campus,Bayview Medical Center,0,0,0,2,0,0,1,10,4,0,0,17,11,4,2,2,0
2017,163046,Loyola University Maryland,207800,1,y,y,n,n,non-campus,Loyola University Maryland Evergreen Campus,0,0,1,2,0,0,0,1,0,0,0,4,2,0,3,3,0
2017,163046,Loyola University Maryland,207800,1,y,y,n,n,public property,Loyola University Maryland Evergreen Campus,0,0,0,0,0,0,2,0,0,0,0,2,2,0,0,0,0
2017,163046,Loyola University Maryland,207800,2,y,n,n,n,public property,Loyola University Maryland Columbia Campus,0,0,0,0,0,0,0,0,0,0,0,0,0,0,0,0,0
2017,163046,Loyola University Maryland,207800,3,y,n,n,n,public property,Loyola University Maryland Timonium Campus,0,0,0,0,0,0,0,0,0,0,0,0,0,0,0,0,0
2017,163046,Loyola University Maryland,207800,4,y,y,n,n,public property,Loyola University Belvedere Clinical Center,0,0,0,0,0,0,1,0,0,0,0,1,1,0,0,0,0
2017,163046,Loyola University Maryland,207800,1,y,y,n,n,on campus,Loyola University Maryland Evergreen Campus,0,0,7,3,0,0,2,0,6,0,0,18,9,6,10,10,0
2017,163046,Loyola University Maryland,207800,2,y,n,n,n,on campus,Loyola University Maryland Columbia Campus,0,0,0,0,0,0,0,0,0,0,0,0,0,0,0,0,0
2017,163046,Loyola University Maryland,207800,3,y,n,n,n,on campus,Loyola University Maryland Timonium Campus,0,0,0,0,0,0,0,0,0,0,0,0,0,0,0,0,0
2017,163046,Loyola University Maryland,207800,4,y,y,n,n,on campus,Loyola University Belvedere Clinical Center,0,0,0,0,0,0,0,0,0,0,0,0,0,0,0,0,0
2017,163295,Maryland Institute College of Art,208000,1,y,y,n,n,non-campus,Main Campus,0,0,0,0,0,0,0,0,0,0,0,0,0,0,0,0,0
2017,163295,Maryland Institute College of Art,208000,1,y,y,n,n,public property,Main Campus,0,0,0,1,0,0,1,0,0,0,0,2,1,0,1,1,0
2017,163295,Maryland Institute College of Art,208000,1,y,y,n,n,on campus,Main Campus,0,0,3,1,0,1,1,0,4,0,0,10,4,4,5,4,1
2017,164270,McDaniel College,210900,1,y,n,n,n,non-campus,Main Campus,0,0,0,0,0,0,0,0,0,0,0,0,0,0,0,0,0
2017,164270,McDaniel College,210900,1,y,n,n,n,public property,Main Campus,0,0,0,0,0,0,0,0,0,0,0,0,0,0,0,0,0
2017,164270,McDaniel College,210900,1,y,n,n,n,on campus,Main Campus,0,0,8,4,0,0,1,0,5,0,1,19,9,6,12,12,0
2017,163453,Morgan State University,208300,1,y,y,y,y,non-campus,Main Campus,0,0,0,0,0,0,0,0,0,0,0,0,0,0,0,0,0
2017,163453,Morgan State University,208300,1,y,y,y,y,public property,Main Campus,0,0,1,0,0,0,0,1,0,0,0,2,2,0,1,1,0
2017,163453,Morgan State University,208300,1,y,y,y,y,on campus,Main Campus,0,0,4,1,0,0,4,2,5,0,0,16,10,5,5,5,0
2017,163578,Notre Dame of Maryland University,206500,1,y,y,n,n,non-campus,Notre Dame of Maryland University,0,0,0,0,0,0,0,0,0,0,0,0,0,0,0,0,0
2017,163578,Notre Dame of Maryland University,206500,1,y,y,n,n,public property,Notre Dame of Maryland University,0,0,0,0,0,0,0,0,0,0,0,0,0,0,0,0,0
2017,163578,Notre Dame of Maryland University,206500,1,y,y,n,n,on campus,Notre Dame of Maryland University,0,0,0,0,0,0,0,0,0,0,0,0,0,0,0,0,0
2017,164173,Stevenson University,210700,1,y,n,n,n,public property,Greenspring Campus,0,0,0,0,0,0,0,0,0,0,0,0,0,0,0,0,0
2017,164173,Stevenson University,210700,2,y,n,n,n,public property,Stevenson University Owings Mills Campus,0,0,0,0,0,0,0,0,0,0,0,0,0,0,0,0,0
2017,164173,Stevenson University,210700,1,y,n,n,n,on campus,Greenspring Campus,0,0,0,0,0,0,0,0,0,0,0,0,0,0,0,0,0
2017,164173,Stevenson University,210700,2,y,n,n,n,on campus,Stevenson University Owings Mills Campus,0,0,6,1,0,0,1,0,9,2,0,19,7,11,7,7,0
2017,164076,Towson University,209900,1,y,n,y,n,non-campus,Towson University,0,0,1,0,0,0,2,0,0,1,0,4,3,1,1,1,0
2017,164076,Towson University,209900,1,y,n,y,n,public property,Towson University,0,0,0,0,0,0,0,2,0,0,0,2,2,0,0,0,0
2017,164076,Towson University,209900,1,y,n,y,n,on campus,Towson University,0,0,7,2,0,0,1,2,1,4,1,18,10,6,9,9,0
2017,163259,University of Maryland- Baltimore,210400,1,y,y,y,n,non-campus,Main Campus,0,0,0,0,0,0,0,0,0,0,0,0,0,0,0,0,0
2017,163259,University of Maryland- Baltimore,210400,1,y,y,y,n,public property,Main Campus,2,0,0,0,0,0,10,5,0,4,0,21,17,4,0,0,0
2017,163259,University of Maryland- Baltimore,210400,1,y,y,y,n,on campus,Main Campus,0,0,0,1,0,0,1,0,0,0,0,2,1,0,1,1,0
2017,163268,University of Maryland-Baltimore County,210500,1,y,n,y,n,public property,Main Campus,0,0,0,0,0,0,0,0,0,0,0,0,0,0,0,0,0
2017,163268,University of Maryland-Baltimore County,210500,1,y,n,y,n,on campus,Main Campus,0,0,6,2,0,0,0,0,11,2,0,21,6,13,8,8,0
2018,162007,Bowie State University,206200,1,n,n,y,y,non-campus,Main Campus,0,0,0,0,0,0,0,0,0,1,0,1,0,1,0,0,0
2018,162007,Bowie State University,206200,1,n,n,y,y,public property,Main Campus,0,0,0,0,0,0,2,5,0,0,0,7,7,0,0,0,0
2018,162007,Bowie State University,206200,1,n,n,y,y,on campus,Main Campus,0,0,2,0,0,0,2,5,9,1,0,19,9,10,2,2,0
2018,162584,Frostburg State University,207200,1,n,n,y,n,non-campus,Main Campus,0,0,0,0,0,0,0,0,0,0,0,0,0,0,0,0,0
2018,162584,Frostburg State University,207200,1,n,n,y,n,public property,Main Campus,0,0,0,0,0,0,0,0,0,0,0,0,0,0,0,0,0
2018,162584,Frostburg State University,207200,1,n,n,y,n,on campus,Main Campus,0,0,3,4,0,0,2,0,3,0,0,12,5,3,7,7,0
2018,162760,Hood College,207600,1,n,n,n,n,public property,Hood College,0,0,0,0,0,0,0,0,0,0,0,0,0,0,0,0,0
2018,162760,Hood College,207600,1,n,n,n,n,on campus,Hood College,0,0,0,2,0,0,0,0,0,0,0,2,0,0,2,2,0
2018,163462,Mount St. Mary's University,208600,1,n,n,n,n,non-campus,Main Campus,0,0,0,0,0,0,0,0,0,0,0,0,0,0,0,0,0
2018,163462,Mount St. Mary's University,208600,2,n,n,n,n,non-campus,Frederick Campus,0,0,0,0,0,0,0,0,0,0,0,0,0,0,0,0,0
2018,163462,Mount St. Mary's University,208600,1,n,n,n,n,public property,Main Campus,0,0,0,0,0,0,0,0,0,0,0,0,0,0,0,0,0
2018,163462,Mount St. Mary's University,208600,2,n,n,n,n,public property,Frederick Campus,0,0,0,0,0,0,0,0,0,0,0,0,0,0,0,0,0
2018,163462,Mount St. Mary's University,208600,1,n,n,n,n,on campus,Main Campus,0,0,5,0,0,0,0,0,0,0,0,5,5,0,5,5,0
2018,163462,Mount St. Mary's University,208600,2,n,n,n,n,on campus,Frederick Campus,0,0,0,0,0,0,0,0,0,0,0,0,0,0,0,0,0
2018,163851,Salisbury University,209100,1,n,n,y,n,non-campus,Main Campus,0,0,0,0,0,0,0,0,0,0,0,0,0,0,0,0,0
2018,163851,Salisbury University,209100,1,n,n,y,n,public property,Main Campus,0,0,0,0,0,0,0,1,0,0,0,1,1,0,0,0,0
2018,163851,Salisbury University,209100,1,n,n,y,n,on campus,Main Campus,0,0,3,6,0,0,1,5,0,0,0,15,9,0,9,9,0
2018,163912,St. Mary's College of Maryland,209500,1,n,n,n,n,public property,St. Mary's College of Maryland,0,0,0,0,0,0,0,0,0,0,0,0,0,0,0,0,0
2018,163912,St. Mary's College of Maryland,209500,1,n,n,n,n,on campus,St. Mary's College of Maryland,0,0,6,11,0,0,1,0,9,0,1,28,7,10,17,17,0
2018,163338,University of Maryland Eastern Shore,210600,1,n,n,y,y,non-campus,Main Campus,0,0,0,0,0,0,0,0,0,0,0,0,0,0,0,0,0
2018,163338,University of Maryland Eastern Shore,210600,1,n,n,y,y,public property,Main Campus,0,0,0,0,0,0,0,0,0,0,0,0,0,0,0,0,0
2018,163338,University of Maryland Eastern Shore,210600,1,n,n,y,y,on campus,Main Campus,0,0,0,2,0,0,2,0,11,0,0,15,2,11,2,2,0
2018,163286,University of Maryland-College Park,210300,1,n,n,y,n,non-campus,Main Campus,0,0,0,0,0,0,0,0,2,0,0,2,0,2,0,0,0
2018,163286,University of Maryland-College Park,210300,1,n,n,y,n,public property,Main Campus,0,0,0,0,0,0,0,1,0,0,0,1,1,0,0,0,0
2018,163286,University of Maryland-College Park,210300,1,n,n,y,n,on campus,Main Campus,0,0,28,15,0,0,1,5,5,25,2,81,34,32,43,43,0
2018,164216,Washington College,210800,1,n,n,n,n,non-campus,Main Campus,0,0,0,0,0,0,0,0,0,0,0,0,0,0,0,0,0
2018,164216,Washington College,210800,1,n,n,n,n,public property,Main Campus,0,0,0,0,0,0,0,0,0,0,0,0,0,0,0,0,0
2018,164216,Washington College,210800,1,n,n,n,n,on campus,Main Campus,0,0,0,1,0,0,0,1,2,0,0,4,1,2,1,1,0
2018,162283,Coppin State University,206800,1,y,y,y,y,public property,Coppin State University,0,0,0,0,0,0,10,3,0,2,0,15,13,2,0,0,0
2018,162283,Coppin State University,206800,1,y,y,y,y,on campus,Coppin State University,0,0,1,1,0,0,0,4,13,0,1,20,5,14,2,2,0
2018,162654,Goucher College,207300,1,y,n,n,n,non-campus,Goucher College Campus,0,0,0,0,0,0,0,0,0,0,0,0,0,0,0,0,0
2018,162654,Goucher College,207300,1,y,n,n,n,public property,Goucher College Campus,0,0,0,0,0,0,0,0,0,0,0,0,0,0,0,0,0
2018,162654,Goucher College,207300,1,y,n,n,n,on campus,Goucher College Campus,0,0,8,3,0,0,0,0,2,0,0,13,8,2,11,11,0
2018,162928,Johns Hopkins University,207700,1,y,y,n,n,non-campus,JHU  HOMEWOOD  CAMPUS- BALTIMORE- MARYLAND,0,0,1,1,0,0,0,1,11,1,0,15,2,12,2,2,0
2018,162928,Johns Hopkins University,207700,2,y,y,n,n,non-campus,Johns Hopkins Medical Institutions- Baltimore- Md.,0,0,0,0,0,0,0,0,0,0,0,0,0,0,0,0,0
2018,162928,Johns Hopkins University,207700,11,y,y,n,n,non-campus,Peabody Institute of Johns Hopkins University,0,0,0,0,0,0,0,0,0,0,0,0,0,0,0,0,0
2018,162928,Johns Hopkins University,207700,1,y,y,n,n,public property,JHU  HOMEWOOD  CAMPUS- BALTIMORE- MARYLAND,0,0,0,0,0,0,8,4,0,4,0,16,12,4,0,0,0
2018,162928,Johns Hopkins University,207700,2,y,y,n,n,public property,Johns Hopkins Medical Institutions- Baltimore- Md.,0,0,0,6,0,0,11,5,0,4,0,26,16,4,6,6,0
2018,162928,Johns Hopkins University,207700,3,y,y,n,n,public property,Harbor East Campus- Baltimore- Maryland,0,0,0,0,0,0,0,0,0,0,0,0,0,0,0,0,0
2018,162928,Johns Hopkins University,207700,6,y,n,n,n,public property,JHU Applied Physics Laboratory- Maryland,0,0,0,0,0,0,0,0,0,0,0,0,0,0,0,0,0
2018,162928,Johns Hopkins University,207700,11,y,y,n,n,public property,Peabody Institute of Johns Hopkins University,0,0,0,1,0,0,4,3,0,3,0,11,7,3,1,1,0
2018,162928,Johns Hopkins University,207700,15,y,y,n,n,public property,Bayview Medical Center,0,0,0,0,0,0,0,0,0,0,0,0,0,0,0,0,0
2018,162928,Johns Hopkins University,207700,1,y,y,n,n,on campus,JHU  HOMEWOOD  CAMPUS- BALTIMORE- MARYLAND,0,0,10,10,0,0,2,0,14,1,0,37,12,15,20,20,0
2018,162928,Johns Hopkins University,207700,2,y,y,n,n,on campus,Johns Hopkins Medical Institutions- Baltimore- Md.,0,0,0,6,0,0,5,26,6,1,0,44,31,7,6,6,0
2018,162928,Johns Hopkins University,207700,3,y,y,n,n,on campus,Harbor East Campus- Baltimore- Maryland,0,0,0,0,0,0,0,0,0,0,0,0,0,0,0,0,0
2018,162928,Johns Hopkins University,207700,6,y,n,n,n,on campus,JHU Applied Physics Laboratory- Maryland,0,0,0,0,0,0,0,0,0,0,0,0,0,0,0,0,0
2018,162928,Johns Hopkins University,207700,11,y,y,n,n,on campus,Peabody Institute of Johns Hopkins University,0,0,1,1,0,0,0,0,0,0,0,2,1,0,2,2,0
2018,162928,Johns Hopkins University,207700,15,y,y,n,n,on campus,Bayview Medical Center,0,0,1,3,0,0,0,15,7,1,0,27,16,8,4,4,0
2018,163046,Loyola University Maryland,207800,1,y,y,n,n,non-campus,Loyola University Maryland Evergreen Campus,0,0,0,0,0,0,0,0,0,0,0,0,0,0,0,0,0
2018,163046,Loyola University Maryland,207800,1,y,y,n,n,public property,Loyola University Maryland Evergreen Campus,0,0,0,0,0,0,1,0,0,0,0,1,1,0,0,0,0
2018,163046,Loyola University Maryland,207800,2,y,n,n,n,public property,Loyola University Maryland Columbia Campus,0,0,0,0,0,0,0,0,0,0,0,0,0,0,0,0,0
2018,163046,Loyola University Maryland,207800,3,y,n,n,n,public property,Loyola University Maryland Timonium Campus,0,0,0,0,0,0,0,0,0,0,0,0,0,0,0,0,0
2018,163046,Loyola University Maryland,207800,4,y,y,n,n,public property,Loyola University Belvedere Clinical Center,0,0,0,0,0,0,0,0,0,0,0,0,0,0,0,0,0
2018,163046,Loyola University Maryland,207800,1,y,y,n,n,on campus,Loyola University Maryland Evergreen Campus,0,0,6,5,0,0,0,0,1,0,0,12,6,1,11,11,0
2018,163046,Loyola University Maryland,207800,2,y,n,n,n,on campus,Loyola University Maryland Columbia Campus,0,0,0,0,0,0,0,0,0,0,0,0,0,0,0,0,0
2018,163046,Loyola University Maryland,207800,3,y,n,n,n,on campus,Loyola University Maryland Timonium Campus,0,0,0,0,0,0,0,0,0,0,0,0,0,0,0,0,0
2018,163046,Loyola University Maryland,207800,4,y,y,n,n,on campus,Loyola University Belvedere Clinical Center,0,0,0,0,0,0,0,0,0,0,0,0,0,0,0,0,0
2018,163295,Maryland Institute College of Art,208000,1,y,y,n,n,non-campus,Main Campus,0,0,0,0,0,0,0,0,0,0,0,0,0,0,0,0,0
2018,163295,Maryland Institute College of Art,208000,1,y,y,n,n,public property,Main Campus,0,0,0,0,0,0,1,0,0,0,0,1,1,0,0,0,0
2018,163295,Maryland Institute College of Art,208000,1,y,y,n,n,on campus,Main Campus,0,0,1,0,0,0,0,0,0,0,0,1,1,0,1,1,0
2018,164270,McDaniel College,210900,1,y,n,n,n,non-campus,Main Campus,0,0,0,0,0,0,0,0,0,0,0,0,0,0,0,0,0
2018,164270,McDaniel College,210900,1,y,n,n,n,public property,Main Campus,0,0,0,0,0,0,0,0,0,0,0,0,0,0,0,0,0
2018,164270,McDaniel College,210900,1,y,n,n,n,on campus,Main Campus,0,0,6,8,0,0,0,0,5,2,4,25,6,11,14,14,0
2018,163453,Morgan State University,208300,1,y,y,y,y,non-campus,Main Campus,0,0,0,0,0,0,0,0,0,0,0,0,0,0,0,0,0
2018,163453,Morgan State University,208300,1,y,y,y,y,public property,Main Campus,0,0,0,0,0,0,2,0,0,0,0,2,2,0,0,0,0
2018,163453,Morgan State University,208300,1,y,y,y,y,on campus,Main Campus,0,0,5,4,0,0,3,2,5,0,0,19,10,5,9,9,0
2018,163578,Notre Dame of Maryland University,206500,1,y,y,n,n,public property,Notre Dame of Maryland University,0,0,0,0,0,0,0,0,0,0,0,0,0,0,0,0,0
2018,163578,Notre Dame of Maryland University,206500,1,y,y,n,n,on campus,Notre Dame of Maryland University,0,0,0,1,0,0,0,0,0,0,0,1,0,0,1,1,0
2018,164173,Stevenson University,210700,1,y,n,n,n,public property,Greenspring Campus,0,0,0,0,0,0,0,0,0,0,0,0,0,0,0,0,0
2018,164173,Stevenson University,210700,2,y,n,n,n,public property,Stevenson University Owings Mills Campus,0,0,0,0,0,0,0,0,0,0,0,0,0,0,0,0,0
2018,164173,Stevenson University,210700,1,y,n,n,n,on campus,Greenspring Campus,0,0,0,0,0,0,0,0,0,0,0,0,0,0,0,0,0
2018,164173,Stevenson University,210700,2,y,n,n,n,on campus,Stevenson University Owings Mills Campus,0,0,3,1,0,0,0,0,14,2,0,20,3,16,4,4,0
2018,164076,Towson University,209900,1,y,n,y,n,non-campus,Towson University,0,0,2,1,0,0,0,1,5,1,0,10,3,6,3,3,0
2018,164076,Towson University,209900,1,y,n,y,n,public property,Towson University,0,0,0,0,0,0,0,3,0,0,0,3,3,0,0,0,0
2018,164076,Towson University,209900,2,y,n,y,n,public property,Towson University Northeast,0,0,0,0,0,0,0,0,0,0,0,0,0,0,0,0,0
2018,164076,Towson University,209900,1,y,n,y,n,on campus,Towson University,0,0,17,7,0,0,2,3,6,1,0,36,22,7,24,24,0
2018,164076,Towson University,209900,2,y,n,y,n,on campus,Towson University Northeast,0,0,0,0,0,0,0,0,0,0,0,0,0,0,0,0,0
2018,163259,University of Maryland- Baltimore,210400,1,y,y,y,n,non-campus,Main Campus,0,0,0,0,0,0,0,0,0,0,0,0,0,0,0,0,0
2018,163259,University of Maryland- Baltimore,210400,1,y,y,y,n,public property,Main Campus,0,0,2,0,0,0,14,8,0,5,0,29,24,5,2,2,0
2018,163259,University of Maryland- Baltimore,210400,1,y,y,y,n,on campus,Main Campus,0,0,0,0,0,0,3,2,3,0,0,8,5,3,0,0,0
2018,163268,University of Maryland-Baltimore County,210500,1,y,n,y,n,public property,Main Campus,0,0,0,0,0,0,0,0,0,0,0,0,0,0,0,0,0
2018,163268,University of Maryland-Baltimore County,210500,1,y,n,y,n,on campus,Main Campus,0,0,8,9,0,0,3,1,5,0,0,26,12,5,17,17,0
2019,162007,Bowie State University,206200,1,n,n,y,y,non-campus,Main Campus,0,0,0,0,0,0,0,0,0,0,0,0,0,0,0,0,0
2019,162007,Bowie State University,206200,1,n,n,y,y,public property,Main Campus,0,0,0,0,0,0,0,0,0,0,0,0,0,0,0,0,0
2019,162007,Bowie State University,206200,1,n,n,y,y,on campus,Main Campus,0,0,2,0,0,0,0,3,12,2,0,19,5,14,2,2,0
2019,162584,Frostburg State University,207200,1,n,n,y,n,non-campus,Main Campus,0,0,0,0,0,0,0,0,0,0,0,0,0,0,0,0,0
2019,162584,Frostburg State University,207200,1,n,n,y,n,public property,Main Campus,0,0,0,0,0,0,0,0,0,0,0,0,0,0,0,0,0
2019,162584,Frostburg State University,207200,1,n,n,y,n,on campus,Main Campus,0,0,2,1,0,1,0,0,1,0,0,5,2,1,4,3,1
2019,162760,Hood College,207600,1,n,n,n,n,non-campus,Hood College,0,0,0,0,0,0,0,0,0,0,0,0,0,0,0,0,0
2019,162760,Hood College,207600,1,n,n,n,n,public property,Hood College,0,0,0,0,0,0,0,0,0,0,0,0,0,0,0,0,0
2019,162760,Hood College,207600,1,n,n,n,n,on campus,Hood College,0,0,3,0,0,0,0,1,0,0,0,4,4,0,3,3,0
2019,163462,Mount St. Mary's University,208600,1,n,n,n,n,public property,Main Campus,0,0,0,0,0,0,0,0,0,0,0,0,0,0,0,0,0
2019,163462,Mount St. Mary's University,208600,2,n,n,n,n,public property,Frederick Campus,0,0,0,0,0,0,0,1,0,0,0,1,1,0,0,0,0
2019,163462,Mount St. Mary's University,208600,1,n,n,n,n,on campus,Main Campus,0,0,2,4,0,0,0,0,0,0,0,6,2,0,6,6,0
2019,163462,Mount St. Mary's University,208600,2,n,n,n,n,on campus,Frederick Campus,0,0,0,0,0,0,0,0,0,0,0,0,0,0,0,0,0
2019,163851,Salisbury University,209100,1,n,n,y,n,non-campus,Main Campus,0,0,0,0,0,0,0,1,0,0,0,1,1,0,0,0,0
2019,163851,Salisbury University,209100,1,n,n,y,n,public property,Main Campus,0,0,0,2,0,0,1,3,0,2,0,8,4,2,2,2,0
2019,163851,Salisbury University,209100,1,n,n,y,n,on campus,Main Campus,0,0,7,5,0,0,0,1,3,0,0,16,8,3,12,12,0
2019,163912,St. Mary's College of Maryland,209500,1,n,n,n,n,public property,St. Mary's College of Maryland,0,0,0,0,0,0,0,0,0,0,0,0,0,0,0,0,0
2019,163912,St. Mary's College of Maryland,209500,1,n,n,n,n,on campus,St. Mary's College of Maryland,0,0,12,8,0,0,0,0,9,0,0,29,12,9,20,20,0
2019,163338,University of Maryland Eastern Shore,210600,1,n,n,y,y,non-campus,Main Campus,0,0,0,0,0,0,0,0,0,0,0,0,0,0,0,0,0
2019,163338,University of Maryland Eastern Shore,210600,1,n,n,y,y,public property,Main Campus,0,0,0,0,0,0,0,0,0,0,0,0,0,0,0,0,0
2019,163338,University of Maryland Eastern Shore,210600,1,n,n,y,y,on campus,Main Campus,0,0,3,1,0,0,4,0,10,1,0,19,7,11,4,4,0
2019,163286,University of Maryland-College Park,210300,1,n,n,y,n,non-campus,Main Campus,0,0,0,1,0,0,0,0,1,1,0,3,0,2,1,1,0
2019,163286,University of Maryland-College Park,210300,1,n,n,y,n,public property,Main Campus,0,0,0,0,0,0,0,1,0,0,0,1,1,0,0,0,0
2019,163286,University of Maryland-College Park,210300,1,n,n,y,n,on campus,Main Campus,0,0,23,7,0,0,4,5,22,57,6,124,32,85,30,30,0
2019,164216,Washington College,210800,1,n,n,n,n,non-campus,Main Campus,0,0,0,0,0,0,0,0,0,0,0,0,0,0,0,0,0
2019,164216,Washington College,210800,1,n,n,n,n,public property,Main Campus,0,0,0,0,0,0,0,0,0,0,0,0,0,0,0,0,0
2019,164216,Washington College,210800,1,n,n,n,n,on campus,Main Campus,0,0,7,1,0,0,0,0,2,1,0,11,7,3,8,8,0
2019,162283,Coppin State University,206800,1,y,y,y,y,public property,Coppin State University,0,0,1,0,0,0,9,7,0,8,0,25,17,8,1,1,0
2019,162283,Coppin State University,206800,1,y,y,y,y,on campus,Coppin State University,0,0,1,0,0,0,0,4,13,1,0,19,5,14,1,1,0
2019,162654,Goucher College,207300,1,y,n,n,n,non-campus,Goucher College Campus,0,0,0,0,0,0,0,0,0,0,0,0,0,0,0,0,0
2019,162654,Goucher College,207300,1,y,n,n,n,public property,Goucher College Campus,0,0,0,0,0,0,1,0,0,0,0,1,1,0,0,0,0
2019,162654,Goucher College,207300,1,y,n,n,n,on campus,Goucher College Campus,0,0,5,3,0,0,0,0,0,1,0,9,5,1,8,8,0
2019,162928,Johns Hopkins University,207700,1,y,y,n,n,non-campus,JHU  HOMEWOOD  CAMPUS- BALTIMORE- MARYLAND,0,0,1,2,0,0,0,0,2,0,0,5,1,2,3,3,0
2019,162928,Johns Hopkins University,207700,2,y,y,n,n,non-campus,Johns Hopkins Medical Institutions- Baltimore- Md.,0,0,0,0,0,0,0,0,0,0,0,0,0,0,0,0,0
2019,162928,Johns Hopkins University,207700,11,y,y,n,n,non-campus,Peabody Institute of Johns Hopkins University,0,0,0,0,0,0,0,0,0,0,0,0,0,0,0,0,0
2019,162928,Johns Hopkins University,207700,1,y,y,n,n,public property,JHU  HOMEWOOD  CAMPUS- BALTIMORE- MARYLAND,0,0,0,0,0,0,3,3,0,1,0,7,6,1,0,0,0
2019,162928,Johns Hopkins University,207700,2,y,y,n,n,public property,Johns Hopkins Medical Institutions- Baltimore- Md.,0,0,0,1,0,0,6,7,0,1,0,15,13,1,1,1,0
2019,162928,Johns Hopkins University,207700,3,y,y,n,n,public property,Harbor East Campus- Baltimore- Maryland,0,0,0,0,0,0,0,0,0,0,0,0,0,0,0,0,0
2019,162928,Johns Hopkins University,207700,6,y,n,n,n,public property,JHU Applied Physics Laboratory- Maryland,0,0,0,0,0,0,0,0,0,0,0,0,0,0,0,0,0
2019,162928,Johns Hopkins University,207700,11,y,y,n,n,public property,Peabody Institute of Johns Hopkins University,0,0,0,2,0,0,4,4,0,1,0,11,8,1,2,2,0
2019,162928,Johns Hopkins University,207700,15,y,y,n,n,public property,Bayview Medical Center,0,0,0,0,0,0,0,0,0,0,0,0,0,0,0,0,0
2019,162928,Johns Hopkins University,207700,1,y,y,n,n,on campus,JHU  HOMEWOOD  CAMPUS- BALTIMORE- MARYLAND,0,0,5,6,0,0,0,3,7,3,1,25,8,11,11,11,0
2019,162928,Johns Hopkins University,207700,2,y,y,n,n,on campus,Johns Hopkins Medical Institutions- Baltimore- Md.,0,0,3,12,0,0,3,23,9,0,0,50,29,9,15,15,0
2019,162928,Johns Hopkins University,207700,3,y,y,n,n,on campus,Harbor East Campus- Baltimore- Maryland,0,0,0,0,0,0,0,1,0,0,0,1,1,0,0,0,0
2019,162928,Johns Hopkins University,207700,6,y,n,n,n,on campus,JHU Applied Physics Laboratory- Maryland,0,0,0,0,0,0,0,0,1,0,0,1,0,1,0,0,0
2019,162928,Johns Hopkins University,207700,11,y,y,n,n,on campus,Peabody Institute of Johns Hopkins University,0,0,2,0,0,0,0,0,0,0,0,2,2,0,2,2,0
2019,162928,Johns Hopkins University,207700,15,y,y,n,n,on campus,Bayview Medical Center,0,0,0,4,0,0,1,15,2,2,0,24,16,4,4,4,0
2019,163046,Loyola University Maryland,207800,1,y,y,n,n,non-campus,Loyola University Maryland Evergreen Campus,0,0,0,0,0,0,0,0,0,0,0,0,0,0,0,0,0
2019,163046,Loyola University Maryland,207800,1,y,y,n,n,public property,Loyola University Maryland Evergreen Campus,0,0,0,0,0,0,0,1,0,1,0,2,1,1,0,0,0
2019,163046,Loyola University Maryland,207800,2,y,n,n,n,public property,Loyola University Maryland Columbia Campus,0,0,0,0,0,0,0,0,0,0,0,0,0,0,0,0,0
2019,163046,Loyola University Maryland,207800,3,y,n,n,n,public property,Loyola University Maryland Timonium Campus,0,0,0,0,0,0,0,0,0,0,0,0,0,0,0,0,0
2019,163046,Loyola University Maryland,207800,4,y,y,n,n,public property,Loyola University Belvedere Clinical Center,0,0,0,0,0,0,0,0,0,0,0,0,0,0,0,0,0
2019,163046,Loyola University Maryland,207800,1,y,y,n,n,on campus,Loyola University Maryland Evergreen Campus,0,0,5,1,0,0,0,0,2,0,0,8,5,2,6,6,0
2019,163046,Loyola University Maryland,207800,2,y,n,n,n,on campus,Loyola University Maryland Columbia Campus,0,0,0,0,0,0,0,0,0,0,0,0,0,0,0,0,0
2019,163046,Loyola University Maryland,207800,3,y,n,n,n,on campus,Loyola University Maryland Timonium Campus,0,0,0,0,0,0,0,0,0,0,0,0,0,0,0,0,0
2019,163046,Loyola University Maryland,207800,4,y,y,n,n,on campus,Loyola University Belvedere Clinical Center,0,0,0,0,0,0,0,0,0,0,0,0,0,0,0,0,0
2019,163295,Maryland Institute College of Art,208000,1,y,y,n,n,non-campus,Main Campus,0,0,0,0,0,0,0,0,0,0,0,0,0,0,0,0,0
2019,163295,Maryland Institute College of Art,208000,1,y,y,n,n,public property,Main Campus,0,0,0,1,0,0,1,0,0,0,0,2,1,0,1,1,0
2019,163295,Maryland Institute College of Art,208000,1,y,y,n,n,on campus,Main Campus,0,0,0,1,0,0,1,0,0,0,0,2,1,0,1,1,0
2019,164270,McDaniel College,210900,1,y,n,n,n,public property,Main Campus,0,0,0,0,0,0,0,0,0,0,0,0,0,0,0,0,0
2019,164270,McDaniel College,210900,1,y,n,n,n,on campus,Main Campus,0,0,3,1,0,0,0,0,4,0,0,8,3,4,4,4,0
2019,163453,Morgan State University,208300,1,y,y,y,y,non-campus,Main Campus,0,0,0,0,0,0,3,0,1,0,0,4,3,1,0,0,0
2019,163453,Morgan State University,208300,1,y,y,y,y,public property,Main Campus,1,0,0,0,0,0,4,1,0,0,0,6,6,0,0,0,0
2019,163453,Morgan State University,208300,1,y,y,y,y,on campus,Main Campus,0,0,3,4,0,0,6,2,11,1,0,27,11,12,7,7,0
2019,163578,Notre Dame of Maryland University,206500,1,y,y,n,n,non-campus,Notre Dame of Maryland University,0,0,0,0,0,0,0,0,0,0,0,0,0,0,0,0,0
2019,163578,Notre Dame of Maryland University,206500,1,y,y,n,n,public property,Notre Dame of Maryland University,0,0,0,0,0,0,0,0,0,0,0,0,0,0,0,0,0
2019,163578,Notre Dame of Maryland University,206500,1,y,y,n,n,on campus,Notre Dame of Maryland University,0,0,0,0,0,0,0,0,0,0,0,0,0,0,0,0,0
2019,164173,Stevenson University,210700,2,y,n,n,n,non-campus,Stevenson University Owings Mills Campus,0,0,0,0,0,0,0,0,0,0,0,0,0,0,0,0,0
2019,164173,Stevenson University,210700,1,y,n,n,n,public property,Greenspring Campus,0,0,0,0,0,0,0,0,0,0,0,0,0,0,0,0,0
2019,164173,Stevenson University,210700,2,y,n,n,n,public property,Stevenson University Owings Mills Campus,0,0,0,0,0,0,0,0,0,0,0,0,0,0,0,0,0
2019,164173,Stevenson University,210700,1,y,n,n,n,on campus,Greenspring Campus,0,0,0,0,0,0,0,0,0,0,0,0,0,0,0,0,0
2019,164173,Stevenson University,210700,2,y,n,n,n,on campus,Stevenson University Owings Mills Campus,0,0,0,1,0,0,0,0,4,1,0,6,0,5,1,1,0
2019,164076,Towson University,209900,1,y,n,y,n,non-campus,Towson University,0,0,0,0,0,0,0,0,3,2,0,5,0,5,0,0,0
2019,164076,Towson University,209900,1,y,n,y,n,public property,Towson University,0,0,0,0,0,0,0,1,0,0,0,1,1,0,0,0,0
2019,164076,Towson University,209900,2,y,n,y,n,public property,Towson University Northeast,0,0,0,0,0,0,0,0,0,0,0,0,0,0,0,0,0
2019,164076,Towson University,209900,1,y,n,y,n,on campus,Towson University,0,0,8,6,0,0,5,8,10,0,0,37,21,10,14,14,0
2019,164076,Towson University,209900,2,y,n,y,n,on campus,Towson University Northeast,0,0,0,1,0,0,0,0,0,0,0,1,0,0,1,1,0
2019,163259,University of Maryland- Baltimore,210400,1,y,y,y,n,non-campus,Main Campus,0,0,0,0,0,0,0,0,0,0,0,0,0,0,0,0,0
2019,163259,University of Maryland- Baltimore,210400,1,y,y,y,n,public property,Main Campus,0,0,0,0,0,0,17,4,0,6,0,27,21,6,0,0,0
2019,163259,University of Maryland- Baltimore,210400,1,y,y,y,n,on campus,Main Campus,0,0,1,0,0,0,0,0,3,0,1,5,1,4,1,1,0
2019,163268,University of Maryland-Baltimore County,210500,1,y,n,y,n,non-campus,Main Campus,0,0,0,0,0,0,0,0,0,0,0,0,0,0,0,0,0
2019,163268,University of Maryland-Baltimore County,210500,1,y,n,y,n,public property,Main Campus,0,0,0,0,0,0,0,0,0,0,0,0,0,0,0,0,0
2019,163268,University of Maryland-Baltimore County,210500,1,y,n,y,n,on campus,Main Campus,0,0,9,7,0,0,4,0,14,3,0,37,13,17,16,16,0
2020,162007,Bowie State University,206200,1,n,n,y,y,non-campus,Main Campus,0,0,0,0,0,0,0,0,0,0,0,0,0,0,0,0,0
2020,162007,Bowie State University,206200,1,n,n,y,y,public property,Main Campus,0,0,0,0,0,0,0,0,0,0,0,0,0,0,0,0,0
2020,162007,Bowie State University,206200,1,n,n,y,y,on campus,Main Campus,0,0,0,0,0,0,0,0,2,0,0,2,0,2,0,0,0
2020,162584,Frostburg State University,207200,1,n,n,y,n,public property,Main Campus,0,0,0,0,0,0,0,0,0,0,0,0,0,0,0,0,0
2020,162584,Frostburg State University,207200,1,n,n,y,n,on campus,Main Campus,0,0,0,0,0,0,1,0,4,0,0,5,1,4,0,0,0
2020,162760,Hood College,207600,1,n,n,n,n,non-campus,Hood College,0,0,0,0,0,0,0,0,0,0,0,0,0,0,0,0,0
2020,162760,Hood College,207600,1,n,n,n,n,public property,Hood College,0,0,0,0,0,0,0,0,0,0,0,0,0,0,0,0,0
2020,162760,Hood College,207600,1,n,n,n,n,on campus,Hood College,0,0,2,0,0,0,0,0,0,0,0,2,2,0,2,2,0
2020,163462,Mount St. Mary's University,208600,1,n,n,n,n,public property,Main Campus,0,0,0,0,0,0,0,0,0,0,0,0,0,0,0,0,0
2020,163462,Mount St. Mary's University,208600,2,n,n,n,n,public property,Frederick Campus,0,0,0,0,0,0,0,0,0,0,0,0,0,0,0,0,0
2020,163462,Mount St. Mary's University,208600,1,n,n,n,n,on campus,Main Campus,0,0,1,1,0,0,0,0,0,0,1,3,1,1,2,2,0
2020,163462,Mount St. Mary's University,208600,2,n,n,n,n,on campus,Frederick Campus,0,0,0,0,0,0,0,0,0,0,0,0,0,0,0,0,0
2020,163851,Salisbury University,209100,1,n,n,y,n,non-campus,Main Campus,0,0,0,0,0,0,0,0,0,0,0,0,0,0,0,0,0
2020,163851,Salisbury University,209100,1,n,n,y,n,public property,Main Campus,0,0,0,0,0,0,1,1,0,0,0,2,2,0,0,0,0
2020,163851,Salisbury University,209100,1,n,n,y,n,on campus,Main Campus,0,0,0,4,0,0,0,1,1,0,0,6,1,1,4,4,0
2020,163912,St. Mary's College of Maryland,209500,1,n,n,n,n,public property,St. Mary's College of Maryland,0,0,0,0,0,0,0,0,0,0,0,0,0,0,0,0,0
2020,163912,St. Mary's College of Maryland,209500,1,n,n,n,n,on campus,St. Mary's College of Maryland,0,0,3,1,0,0,0,0,3,0,0,7,3,3,4,4,0
2020,163338,University of Maryland Eastern Shore,210600,1,n,n,y,y,non-campus,Main Campus,0,0,0,0,0,0,0,0,0,0,0,0,0,0,0,0,0
2020,163338,University of Maryland Eastern Shore,210600,1,n,n,y,y,public property,Main Campus,0,0,0,0,0,0,0,0,0,0,0,0,0,0,0,0,0
2020,163338,University of Maryland Eastern Shore,210600,1,n,n,y,y,on campus,Main Campus,0,0,3,0,0,0,1,4,7,0,0,15,8,7,3,3,0
2020,163286,University of Maryland-College Park,210300,1,n,n,y,n,non-campus,Main Campus,0,0,0,0,0,0,0,0,0,0,0,0,0,0,0,0,0
2020,163286,University of Maryland-College Park,210300,1,n,n,y,n,public property,Main Campus,0,0,1,0,0,0,2,1,0,0,0,4,4,0,1,1,0
2020,163286,University of Maryland-College Park,210300,1,n,n,y,n,on campus,Main Campus,0,0,13,0,0,0,0,0,16,26,0,55,13,42,13,13,0
2020,164216,Washington College,210800,1,n,n,n,n,non-campus,Main Campus,0,0,0,0,0,0,0,0,0,0,0,0,0,0,0,0,0
2020,164216,Washington College,210800,1,n,n,n,n,public property,Main Campus,0,0,0,0,0,0,0,0,0,0,0,0,0,0,0,0,0
2020,164216,Washington College,210800,1,n,n,n,n,on campus,Main Campus,0,0,0,1,0,0,0,0,2,0,0,3,0,2,1,1,0
2020,162283,Coppin State University,206800,1,y,y,y,y,public property,Coppin State University,0,0,0,0,0,0,7,8,0,4,0,19,15,4,0,0,0
2020,162283,Coppin State University,206800,1,y,y,y,y,on campus,Coppin State University,0,0,0,0,0,0,0,1,5,3,0,9,1,8,0,0,0
2020,162654,Goucher College,207300,1,y,n,n,n,non-campus,Goucher College Campus,0,0,0,0,0,0,0,0,0,0,0,0,0,0,0,0,0
2020,162654,Goucher College,207300,1,y,n,n,n,public property,Goucher College Campus,0,0,0,0,0,0,0,0,0,0,0,0,0,0,0,0,0
2020,162654,Goucher College,207300,1,y,n,n,n,on campus,Goucher College Campus,0,0,1,0,0,0,0,0,1,0,0,2,1,1,1,1,0
2020,162928,Johns Hopkins University,207700,1,y,y,n,n,non-campus,JHU  HOMEWOOD  CAMPUS- BALTIMORE- MARYLAND,0,0,4,0,0,0,0,3,1,0,0,8,7,1,4,4,0
2020,162928,Johns Hopkins University,207700,2,y,y,n,n,non-campus,Johns Hopkins Medical Institutions- Baltimore- Md.,0,0,0,0,0,0,0,0,2,0,0,2,0,2,0,0,0
2020,162928,Johns Hopkins University,207700,11,y,y,n,n,non-campus,Peabody Institute of Johns Hopkins University,0,0,0,0,0,0,0,0,0,0,0,0,0,0,0,0,0
2020,162928,Johns Hopkins University,207700,1,y,y,n,n,public property,JHU  HOMEWOOD  CAMPUS- BALTIMORE- MARYLAND,0,0,0,0,0,0,1,6,0,0,0,7,7,0,0,0,0
2020,162928,Johns Hopkins University,207700,2,y,y,n,n,public property,Johns Hopkins Medical Institutions- Baltimore- Md.,0,0,0,0,0,0,5,4,0,2,0,11,9,2,0,0,0
2020,162928,Johns Hopkins University,207700,3,y,y,n,n,public property,Harbor East Campus- Baltimore- Maryland,0,0,0,0,0,0,1,0,0,0,0,1,1,0,0,0,0
2020,162928,Johns Hopkins University,207700,6,y,n,n,n,public property,JHU Applied Physics Laboratory- Maryland,0,0,0,0,0,0,0,0,0,0,0,0,0,0,0,0,0
2020,162928,Johns Hopkins University,207700,11,y,y,n,n,public property,Peabody Institute of Johns Hopkins University,0,0,0,0,0,0,2,0,0,1,0,3,2,1,0,0,0
2020,162928,Johns Hopkins University,207700,15,y,y,n,n,public property,Bayview Medical Center,0,0,0,0,0,0,0,0,0,1,0,1,0,1,0,0,0
2020,162928,Johns Hopkins University,207700,1,y,y,n,n,on campus,JHU  HOMEWOOD  CAMPUS- BALTIMORE- MARYLAND,0,0,3,4,0,0,4,0,15,1,0,27,7,16,7,7,0
2020,162928,Johns Hopkins University,207700,2,y,y,n,n,on campus,Johns Hopkins Medical Institutions- Baltimore- Md.,0,0,4,4,0,0,0,22,4,1,2,37,26,7,8,8,0
2020,162928,Johns Hopkins University,207700,3,y,y,n,n,on campus,Harbor East Campus- Baltimore- Maryland,0,0,0,0,0,0,0,0,0,0,0,0,0,0,0,0,0
2020,162928,Johns Hopkins University,207700,6,y,n,n,n,on campus,JHU Applied Physics Laboratory- Maryland,0,0,0,0,0,0,0,0,1,0,0,1,0,1,0,0,0
2020,162928,Johns Hopkins University,207700,11,y,y,n,n,on campus,Peabody Institute of Johns Hopkins University,0,0,0,0,0,0,0,0,1,0,0,1,0,1,0,0,0
2020,162928,Johns Hopkins University,207700,15,y,y,n,n,on campus,Bayview Medical Center,0,0,0,4,0,0,3,10,3,1,0,21,13,4,4,4,0
2020,163046,Loyola University Maryland,207800,1,y,y,n,n,non-campus,Loyola University Maryland Evergreen Campus,0,0,0,0,0,0,0,0,0,0,0,0,0,0,0,0,0
2020,163046,Loyola University Maryland,207800,1,y,y,n,n,public property,Loyola University Maryland Evergreen Campus,0,0,0,0,0,0,1,0,0,0,0,1,1,0,0,0,0
2020,163046,Loyola University Maryland,207800,2,y,n,n,n,public property,Loyola University Maryland Columbia Campus,0,0,0,0,0,0,0,0,0,0,0,0,0,0,0,0,0
2020,163046,Loyola University Maryland,207800,3,y,n,n,n,public property,Loyola University Maryland Timonium Campus,0,0,0,0,0,0,0,0,0,0,0,0,0,0,0,0,0
2020,163046,Loyola University Maryland,207800,4,y,y,n,n,public property,Loyola University Belvedere Clinical Center,0,0,0,0,0,0,0,0,0,0,0,0,0,0,0,0,0
2020,163046,Loyola University Maryland,207800,1,y,y,n,n,on campus,Loyola University Maryland Evergreen Campus,0,0,3,1,0,0,0,0,1,1,0,6,3,2,4,4,0
2020,163046,Loyola University Maryland,207800,2,y,n,n,n,on campus,Loyola University Maryland Columbia Campus,0,0,0,0,0,0,0,0,0,0,0,0,0,0,0,0,0
2020,163046,Loyola University Maryland,207800,3,y,n,n,n,on campus,Loyola University Maryland Timonium Campus,0,0,0,0,0,0,0,0,0,0,0,0,0,0,0,0,0
2020,163046,Loyola University Maryland,207800,4,y,y,n,n,on campus,Loyola University Belvedere Clinical Center,0,0,0,0,0,0,0,0,0,0,0,0,0,0,0,0,0
2020,163295,Maryland Institute College of Art,208000,1,y,y,n,n,non-campus,Main Campus,0,0,0,0,0,0,0,0,0,0,0,0,0,0,0,0,0
2020,163295,Maryland Institute College of Art,208000,1,y,y,n,n,public property,Main Campus,0,0,0,0,0,0,0,0,0,0,0,0,0,0,0,0,0
2020,163295,Maryland Institute College of Art,208000,1,y,y,n,n,on campus,Main Campus,0,0,0,0,0,0,0,0,0,0,0,0,0,0,0,0,0
2020,164270,McDaniel College,210900,1,y,n,n,n,public property,Main Campus,0,0,0,0,0,0,0,0,0,0,0,0,0,0,0,0,0
2020,164270,McDaniel College,210900,1,y,n,n,n,on campus,Main Campus,0,0,0,1,0,0,0,0,0,1,1,3,0,2,1,1,0
2020,163453,Morgan State University,208300,1,y,y,y,y,non-campus,Main Campus,0,0,0,0,0,0,1,0,0,0,0,1,1,0,0,0,0
2020,163453,Morgan State University,208300,1,y,y,y,y,public property,Main Campus,0,0,0,0,0,0,0,1,0,0,0,1,1,0,0,0,0
2020,163453,Morgan State University,208300,1,y,y,y,y,on campus,Main Campus,0,0,0,0,0,0,1,1,3,2,0,7,2,5,0,0,0
2020,163578,Notre Dame of Maryland University,206500,1,y,y,n,n,non-campus,Notre Dame of Maryland University,0,0,0,0,0,0,0,0,0,0,0,0,0,0,0,0,0
2020,163578,Notre Dame of Maryland University,206500,1,y,y,n,n,public property,Notre Dame of Maryland University,0,0,0,0,0,0,0,0,0,0,0,0,0,0,0,0,0
2020,163578,Notre Dame of Maryland University,206500,1,y,y,n,n,on campus,Notre Dame of Maryland University,0,0,0,0,0,0,0,0,0,0,0,0,0,0,0,0,0
2020,164173,Stevenson University,210700,1,y,n,n,n,public property,Greenspring Campus,0,0,0,0,0,0,0,0,0,0,0,0,0,0,0,0,0
2020,164173,Stevenson University,210700,2,y,n,n,n,public property,Stevenson University Owings Mills Campus,0,0,0,0,0,0,0,0,0,0,0,0,0,0,0,0,0
2020,164173,Stevenson University,210700,1,y,n,n,n,on campus,Greenspring Campus,0,0,0,0,0,0,0,0,0,0,0,0,0,0,0,0,0
2020,164173,Stevenson University,210700,2,y,n,n,n,on campus,Stevenson University Owings Mills Campus,0,0,2,1,0,0,2,0,5,0,0,10,4,5,3,3,0
2020,164076,Towson University,209900,1,y,n,y,n,non-campus,Towson University,0,0,0,0,0,0,0,0,0,0,0,0,0,0,0,0,0
2020,164076,Towson University,209900,1,y,n,y,n,public property,Towson University,0,0,0,0,0,0,0,0,0,0,0,0,0,0,0,0,0
2020,164076,Towson University,209900,2,y,n,y,n,public property,Towson University Northeast,0,0,0,0,0,0,0,0,0,0,0,0,0,0,0,0,0
2020,164076,Towson University,209900,1,y,n,y,n,on campus,Towson University,0,0,10,1,0,0,1,0,2,1,0,15,11,3,11,11,0
2020,164076,Towson University,209900,2,y,n,y,n,on campus,Towson University Northeast,0,0,0,0,0,0,0,0,0,0,0,0,0,0,0,0,0
2020,163259,University of Maryland- Baltimore,210400,1,y,y,y,n,non-campus,Main Campus,0,0,0,9,0,0,0,0,0,0,0,9,0,0,9,9,0
2020,163259,University of Maryland- Baltimore,210400,1,y,y,y,n,public property,Main Campus,0,0,0,0,0,0,7,7,0,4,0,18,14,4,0,0,0
2020,163259,University of Maryland- Baltimore,210400,1,y,y,y,n,on campus,Main Campus,1,0,0,0,0,0,3,1,2,0,0,7,5,2,0,0,0
2020,163268,University of Maryland-Baltimore County,210500,1,y,n,y,n,non-campus,Main Campus,0,0,0,0,0,0,0,0,1,0,0,1,0,1,0,0,0
2020,163268,University of Maryland-Baltimore County,210500,1,y,n,y,n,public property,Main Campus,0,0,0,0,0,0,0,0,0,0,0,0,0,0,0,0,0
2020,163268,University of Maryland-Baltimore County,210500,1,y,n,y,n,on campus,Main Campus,0,0,8,6,0,0,0,0,8,3,0,25,8,11,14,14,0
2021,162007,Bowie State University,206200,1,n,n,y,y,non-campus,Main Campus,0,0,0,0,0,0,0,0,0,0,0,0,0,0,0,0,0
2021,162007,Bowie State University,206200,1,n,n,y,y,public property,Main Campus,0,0,0,0,0,0,0,0,0,0,0,0,0,0,0,0,0
2021,162007,Bowie State University,206200,1,n,n,y,y,on campus,Main Campus,0,0,5,5,0,0,0,0,11,1,0,22,5,12,10,10,0
2021,162584,Frostburg State University,207200,1,n,n,y,n,public property,Main Campus,0,0,0,0,0,0,0,0,0,0,0,0,0,0,0,0,0
2021,162584,Frostburg State University,207200,1,n,n,y,n,on campus,Main Campus,0,0,2,0,0,0,0,0,0,0,0,2,2,0,2,2,0
2021,162760,Hood College,207600,1,n,n,n,n,public property,Hood College,0,0,0,0,0,0,0,0,0,0,0,0,0,0,0,0,0
2021,162760,Hood College,207600,1,n,n,n,n,on campus,Hood College,0,0,1,1,0,0,0,0,3,0,0,5,1,3,2,2,0
2021,163462,Mount St. Mary's University,208600,1,n,n,n,n,public property,Main Campus,0,0,0,0,0,0,0,0,0,0,0,0,0,0,0,0,0
2021,163462,Mount St. Mary's University,208600,2,n,n,n,n,public property,Frederick Campus,0,0,0,0,0,0,0,0,0,0,0,0,0,0,0,0,0
2021,163462,Mount St. Mary's University,208600,1,n,n,n,n,on campus,Main Campus,0,0,6,5,0,0,0,0,0,0,0,11,6,0,11,11,0
2021,163462,Mount St. Mary's University,208600,2,n,n,n,n,on campus,Frederick Campus,0,0,0,0,0,0,0,0,0,0,0,0,0,0,0,0,0
2021,163851,Salisbury University,209100,1,n,n,y,n,non-campus,Main Campus,0,0,0,0,0,0,0,0,0,0,0,0,0,0,0,0,0
2021,163851,Salisbury University,209100,1,n,n,y,n,public property,Main Campus,0,0,0,0,0,0,0,2,0,0,0,2,2,0,0,0,0
2021,163851,Salisbury University,209100,1,n,n,y,n,on campus,Main Campus,0,0,2,6,0,0,0,1,7,0,0,16,3,7,8,8,0
2021,163912,St. Mary's College of Maryland,209500,1,n,n,n,n,public property,St. Mary's College of Maryland,0,0,0,0,0,0,0,0,0,0,0,0,0,0,0,0,0
2021,163912,St. Mary's College of Maryland,209500,1,n,n,n,n,on campus,St. Mary's College of Maryland,0,0,10,5,0,0,0,1,3,3,0,22,11,6,15,15,0
2021,163338,University of Maryland Eastern Shore,210600,1,n,n,y,y,non-campus,Main Campus,0,0,0,0,0,0,0,0,1,0,0,1,0,1,0,0,0
2021,163338,University of Maryland Eastern Shore,210600,1,n,n,y,y,public property,Main Campus,0,0,0,0,0,0,0,0,0,0,0,0,0,0,0,0,0
2021,163338,University of Maryland Eastern Shore,210600,1,n,n,y,y,on campus,Main Campus,0,0,3,1,0,0,0,2,2,0,0,8,5,2,4,4,0
2021,163286,University of Maryland-College Park,210300,1,n,n,y,n,non-campus,Main Campus,0,0,0,0,0,0,0,0,0,1,0,1,0,1,0,0,0
2021,163286,University of Maryland-College Park,210300,1,n,n,y,n,public property,Main Campus,0,0,0,0,0,0,0,0,0,0,3,3,0,3,0,0,0
2021,163286,University of Maryland-College Park,210300,1,n,n,y,n,on campus,Main Campus,0,0,20,8,0,0,0,2,11,33,2,76,22,46,28,28,0
2021,164216,Washington College,210800,1,n,n,n,n,non-campus,Main Campus,0,0,0,0,0,0,0,0,1,0,0,1,0,1,0,0,0
2021,164216,Washington College,210800,1,n,n,n,n,public property,Main Campus,0,0,0,0,0,0,0,0,0,0,0,0,0,0,0,0,0
2021,164216,Washington College,210800,1,n,n,n,n,on campus,Main Campus,0,0,2,1,0,0,0,0,0,6,0,9,2,6,3,3,0
2021,162283,Coppin State University,206800,1,y,y,y,y,public property,Coppin State University,0,0,1,0,0,0,2,0,0,1,0,4,3,1,1,1,0
2021,162283,Coppin State University,206800,1,y,y,y,y,on campus,Coppin State University,0,0,1,0,0,0,0,0,5,1,0,7,1,6,1,1,0
2021,162654,Goucher College,207300,1,y,n,n,n,public property,Goucher College Campus,0,0,0,0,0,0,0,0,0,0,0,0,0,0,0,0,0
2021,162654,Goucher College,207300,1,y,n,n,n,on campus,Goucher College Campus,0,0,2,2,0,0,0,0,0,0,0,4,2,0,4,4,0
2021,162928,Johns Hopkins University,207700,1,y,y,n,n,non-campus,JHU  HOMEWOOD  CAMPUS- BALTIMORE- MARYLAND,0,0,0,2,0,0,0,2,0,0,0,4,2,0,2,2,0
2021,162928,Johns Hopkins University,207700,2,y,y,n,n,non-campus,Johns Hopkins Medical Institutions- Baltimore- Md.,0,0,0,0,0,0,0,0,0,0,0,0,0,0,0,0,0
2021,162928,Johns Hopkins University,207700,11,y,y,n,n,non-campus,Peabody Institute of Johns Hopkins University,0,0,0,0,0,0,0,0,0,0,0,0,0,0,0,0,0
2021,162928,Johns Hopkins University,207700,1,y,y,n,n,public property,JHU  HOMEWOOD  CAMPUS- BALTIMORE- MARYLAND,0,0,0,0,0,0,8,8,0,6,0,22,16,6,0,0,0
2021,162928,Johns Hopkins University,207700,2,y,y,n,n,public property,Johns Hopkins Medical Institutions- Baltimore- Md.,1,0,0,0,0,0,8,5,0,2,1,17,14,3,0,0,0
2021,162928,Johns Hopkins University,207700,3,y,y,n,n,public property,Harbor East Campus- Baltimore- Maryland,0,0,0,0,0,0,0,0,0,1,0,1,0,1,0,0,0
2021,162928,Johns Hopkins University,207700,6,y,n,n,n,public property,JHU Applied Physics Laboratory- Maryland,0,0,0,0,0,0,0,0,0,0,0,0,0,0,0,0,0
2021,162928,Johns Hopkins University,207700,11,y,y,n,n,public property,Peabody Institute of Johns Hopkins University,0,0,0,0,0,0,3,1,0,3,0,7,4,3,0,0,0
2021,162928,Johns Hopkins University,207700,15,y,y,n,n,public property,Bayview Medical Center,0,0,0,0,0,0,2,1,0,2,0,5,3,2,0,0,0
2021,162928,Johns Hopkins University,207700,1,y,y,n,n,on campus,JHU  HOMEWOOD  CAMPUS- BALTIMORE- MARYLAND,0,0,9,1,0,0,3,0,7,2,0,22,12,9,10,10,0
2021,162928,Johns Hopkins University,207700,2,y,y,n,n,on campus,Johns Hopkins Medical Institutions- Baltimore- Md.,0,0,1,7,0,0,1,25,10,2,0,46,27,12,8,8,0
2021,162928,Johns Hopkins University,207700,3,y,y,n,n,on campus,Harbor East Campus- Baltimore- Maryland,0,0,0,0,0,0,0,0,0,0,0,0,0,0,0,0,0
2021,162928,Johns Hopkins University,207700,6,y,n,n,n,on campus,JHU Applied Physics Laboratory- Maryland,0,0,0,0,0,0,0,0,0,0,0,0,0,0,0,0,0
2021,162928,Johns Hopkins University,207700,11,y,y,n,n,on campus,Peabody Institute of Johns Hopkins University,0,0,0,0,0,0,0,0,1,0,0,1,0,1,0,0,0
2021,162928,Johns Hopkins University,207700,15,y,y,n,n,on campus,Bayview Medical Center,0,0,1,2,0,0,2,13,0,0,0,18,16,0,3,3,0
2021,163046,Loyola University Maryland,207800,1,y,y,n,n,non-campus,Loyola University Maryland Evergreen Campus,0,0,0,0,0,0,0,0,0,0,0,0,0,0,0,0,0
2021,163046,Loyola University Maryland,207800,1,y,y,n,n,public property,Loyola University Maryland Evergreen Campus,0,0,0,0,0,0,0,0,0,0,0,0,0,0,0,0,0
2021,163046,Loyola University Maryland,207800,2,y,n,n,n,public property,Loyola University Maryland Columbia Campus,0,0,0,0,0,0,0,0,0,0,0,0,0,0,0,0,0
2021,163046,Loyola University Maryland,207800,3,y,n,n,n,public property,Loyola University Maryland Timonium Campus,0,0,0,0,0,0,0,0,0,0,0,0,0,0,0,0,0
2021,163046,Loyola University Maryland,207800,4,y,y,n,n,public property,Loyola University Belvedere Clinical Center,0,0,0,0,0,0,0,0,0,0,0,0,0,0,0,0,0
2021,163046,Loyola University Maryland,207800,1,y,y,n,n,on campus,Loyola University Maryland Evergreen Campus,0,0,8,3,0,0,0,0,1,1,1,14,8,3,11,11,0
2021,163046,Loyola University Maryland,207800,2,y,n,n,n,on campus,Loyola University Maryland Columbia Campus,0,0,0,0,0,0,0,0,0,0,0,0,0,0,0,0,0
2021,163046,Loyola University Maryland,207800,3,y,n,n,n,on campus,Loyola University Maryland Timonium Campus,0,0,0,0,0,0,0,0,0,0,0,0,0,0,0,0,0
2021,163046,Loyola University Maryland,207800,4,y,y,n,n,on campus,Loyola University Belvedere Clinical Center,0,0,0,0,0,0,0,0,0,0,0,0,0,0,0,0,0
2021,163295,Maryland Institute College of Art,208000,1,y,y,n,n,non-campus,Main Campus,0,0,0,0,0,0,0,0,0,0,0,0,0,0,0,0,0
2021,163295,Maryland Institute College of Art,208000,1,y,y,n,n,public property,Main Campus,0,0,0,0,0,0,0,0,0,0,0,0,0,0,0,0,0
2021,163295,Maryland Institute College of Art,208000,1,y,y,n,n,on campus,Main Campus,0,0,0,0,0,0,2,3,0,0,0,5,5,0,0,0,0
2021,164270,McDaniel College,210900,1,y,n,n,n,public property,Main Campus,0,0,0,0,0,0,0,0,0,0,0,0,0,0,0,0,0
2021,164270,McDaniel College,210900,1,y,n,n,n,on campus,Main Campus,0,0,8,7,0,0,0,0,0,1,0,16,8,1,15,15,0
2021,163453,Morgan State University,208300,1,y,y,y,y,non-campus,Main Campus,0,0,0,0,0,0,1,0,3,0,0,4,1,3,0,0,0
2021,163453,Morgan State University,208300,1,y,y,y,y,public property,Main Campus,0,0,0,0,0,0,0,0,0,0,0,0,0,0,0,0,0
2021,163453,Morgan State University,208300,1,y,y,y,y,on campus,Main Campus,0,0,2,0,0,0,1,6,1,0,0,10,9,1,2,2,0
2021,163578,Notre Dame of Maryland University,206500,1,y,y,n,n,non-campus,Notre Dame of Maryland University,0,0,0,0,0,0,0,0,0,0,0,0,0,0,0,0,0
2021,163578,Notre Dame of Maryland University,206500,1,y,y,n,n,public property,Notre Dame of Maryland University,0,0,0,0,0,0,0,0,0,0,0,0,0,0,0,0,0
2021,163578,Notre Dame of Maryland University,206500,1,y,y,n,n,on campus,Notre Dame of Maryland University,0,0,0,0,0,0,0,0,0,0,0,0,0,0,0,0,0
2021,164173,Stevenson University,210700,2,y,n,n,n,non-campus,Stevenson University Owings Mills Campus,0,0,0,0,0,0,0,0,0,0,0,0,0,0,0,0,0
2021,164173,Stevenson University,210700,1,y,n,n,n,public property,Greenspring Campus,0,0,0,0,0,0,0,0,0,0,0,0,0,0,0,0,0
2021,164173,Stevenson University,210700,2,y,n,n,n,public property,Stevenson University Owings Mills Campus,0,0,0,0,0,0,0,0,0,0,0,0,0,0,0,0,0
2021,164173,Stevenson University,210700,1,y,n,n,n,on campus,Greenspring Campus,0,0,0,0,0,0,0,0,0,0,0,0,0,0,0,0,0
2021,164173,Stevenson University,210700,2,y,n,n,n,on campus,Stevenson University Owings Mills Campus,0,0,0,0,0,0,0,4,1,0,0,5,4,1,0,0,0
2021,164076,Towson University,209900,1,y,n,y,n,non-campus,Towson University,0,0,0,0,0,0,0,0,0,0,0,0,0,0,0,0,0
2021,164076,Towson University,209900,1,y,n,y,n,public property,Towson University,0,0,0,0,0,0,0,0,0,0,0,0,0,0,0,0,0
2021,164076,Towson University,209900,2,y,n,y,n,public property,Towson University Northeast,0,0,0,0,0,0,0,0,0,0,0,0,0,0,0,0,0
2021,164076,Towson University,209900,1,y,n,y,n,on campus,Towson University,0,0,10,5,0,0,0,5,11,0,0,31,15,11,15,15,0
2021,164076,Towson University,209900,2,y,n,y,n,on campus,Towson University Northeast,0,0,0,0,0,0,0,0,0,0,0,0,0,0,0,0,0
2021,163259,University of Maryland- Baltimore,210400,1,y,y,y,n,non-campus,Main Campus,0,0,0,0,0,0,0,0,0,0,0,0,0,0,0,0,0
2021,163259,University of Maryland- Baltimore,210400,1,y,y,y,n,public property,Main Campus,0,0,0,1,0,0,4,5,0,8,0,18,9,8,1,1,0
2021,163259,University of Maryland- Baltimore,210400,1,y,y,y,n,on campus,Main Campus,0,0,1,0,0,0,1,2,1,1,0,6,4,2,1,1,0
2021,163268,University of Maryland-Baltimore County,210500,1,y,n,y,n,non-campus,Main Campus,0,0,0,0,0,0,0,0,0,0,0,0,0,0,0,0,0
2021,163268,University of Maryland-Baltimore County,210500,1,y,n,y,n,public property,Main Campus,0,0,0,0,0,0,0,0,0,0,0,0,0,0,0,0,0
2021,163268,University of Maryland-Baltimore County,210500,1,y,n,y,n,on campus,Main Campus,0,0,9,2,0,0,0,0,13,2,3,29,9,18,11,11,0
2022,162007,Bowie State University,206200,1,n,n,y,y,on campus,Main Campus,0,0,NA,NA,NA,NA,0,27,12,0,0,50,32,12,11,5,6
2022,162007,Bowie State University,206200,1,n,n,y,y,non-campus,Main Campus,0,0,NA,NA,NA,NA,0,0,0,0,0,0,0,0,0,0,0
2022,162007,Bowie State University,206200,1,n,n,y,y,public property,Main Campus,0,0,NA,NA,NA,NA,0,0,0,0,0,0,0,0,0,0,0
2022,162584,Frostburg State University,207200,1,n,n,y,n,on campus,Main Campus,0,0,1,3,0,0,1,0,0,0,0,5,2,0,4,4,0
2022,162584,Frostburg State University,207200,1,n,n,y,n,non-campus,Main Campus,0,0,0,0,0,0,0,0,0,0,0,0,0,0,0,0,0
2022,162584,Frostburg State University,207200,1,n,n,y,n,public property,Main Campus,0,0,0,0,0,0,0,1,0,0,0,1,1,0,0,0,0
2022,162760,Hood College,207600,1,n,n,n,n,on campus,Hood College,0,0,3,1,0,0,0,0,1,0,0,5,3,1,4,4,0
2022,162760,Hood College,207600,1,n,n,n,n,non-campus,Hood College,0,0,0,0,0,0,0,0,0,0,0,0,0,0,0,0,0
2022,162760,Hood College,207600,1,n,n,n,n,public property,Hood College,0,0,0,0,0,0,0,0,0,0,0,0,0,0,0,0,0
2022,163462,Mount St. Mary's University,208600,1,n,n,n,n,on campus,Main Campus,0,0,5,8,0,0,0,1,1,1,3,19,6,5,13,13,0
2022,163462,Mount St. Mary's University,208600,1,n,n,n,n,non-campus,Main Campus,0,0,0,1,0,0,0,0,0,0,0,1,0,0,1,1,0
2022,163462,Mount St. Mary's University,208600,1,n,n,n,n,public property,Main Campus,0,0,0,0,0,0,0,0,0,0,0,0,0,0,0,0,0
2022,163851,Salisbury University,209100,1,n,n,y,n,on campus,Main Campus,0,0,7,6,0,0,0,0,2,1,0,16,7,3,13,13,0
2022,163851,Salisbury University,209100,1,n,n,y,n,non-campus,Main Campus,0,0,0,0,0,0,0,0,0,0,0,0,0,0,0,0,0
2022,163851,Salisbury University,209100,1,n,n,y,n,public property,Main Campus,0,0,0,0,0,0,0,0,0,0,0,0,0,0,0,0,0
2022,163912,St. Mary's College of Maryland,209500,1,n,n,n,n,on campus,St. Mary's College of Maryland,0,0,9,4,0,0,1,3,5,1,1,24,13,7,13,13,0
2022,163912,St. Mary's College of Maryland,209500,1,n,n,n,n,non-campus,St. Mary's College of Maryland,0,0,0,0,0,0,0,0,0,0,0,0,0,0,0,0,0
2022,163912,St. Mary's College of Maryland,209500,1,n,n,n,n,public property,St. Mary's College of Maryland,0,0,0,0,0,0,0,0,0,0,0,0,0,0,0,0,0
2022,163338,University of Maryland Eastern Shore,210600,1,n,n,y,y,on campus,Main Campus,0,0,NA,NA,NA,NA,0,0,2,0,0,5,3,2,3,3,0
2022,163338,University of Maryland Eastern Shore,210600,1,n,n,y,y,non-campus,Main Campus,0,0,NA,NA,NA,NA,0,0,0,0,0,0,0,0,0,0,0
2022,163338,University of Maryland Eastern Shore,210600,1,n,n,y,y,public property,Main Campus,0,0,NA,NA,NA,NA,0,0,0,0,0,0,0,0,0,0,0
2022,163286,University of Maryland-College Park,210300,1,n,n,y,n,on campus,Main Campus,0,0,19,10,0,0,1,7,11,53,1,102,27,65,29,29,0
2022,163286,University of Maryland-College Park,210300,1,n,n,y,n,non-campus,Main Campus,0,0,0,0,0,0,0,0,0,0,0,0,0,0,0,0,0
2022,163286,University of Maryland-College Park,210300,1,n,n,y,n,public property,Main Campus,0,0,0,0,0,0,1,11,0,0,0,12,12,0,0,0,0
2022,164216,Washington College,210800,1,n,n,n,n,on campus,Main Campus,0,0,1,3,0,0,0,0,0,0,0,4,1,0,4,4,0
2022,164216,Washington College,210800,1,n,n,n,n,non-campus,Main Campus,0,0,0,0,0,0,0,0,0,0,0,0,0,0,0,0,0
2022,164216,Washington College,210800,1,n,n,n,n,public property,Main Campus,0,0,0,0,0,0,0,0,0,0,0,0,0,0,0,0,0
2022,163462,Mount St. Mary's University,208600,2,n,n,n,n,on campus,Frederick Campus,0,0,0,0,0,0,0,0,0,0,0,0,0,0,0,0,0
2022,163462,Mount St. Mary's University,208600,2,n,n,n,n,non-campus,Frederick Campus,0,0,0,0,0,0,0,0,0,0,0,0,0,0,0,0,0
2022,163462,Mount St. Mary's University,208600,2,n,n,n,n,public property,Frederick Campus,0,0,0,0,0,0,0,0,0,0,0,0,0,0,0,0,0
2022,162283,Coppin State University,206800,1,y,y,y,y,on campus,Coppin State University,0,0,1,0,0,0,1,6,1,0,0,9,8,1,1,1,0
2022,162283,Coppin State University,206800,1,y,y,y,y,non-campus,Coppin State University,0,0,0,0,0,0,0,0,0,0,0,0,0,0,0,0,0
2022,162283,Coppin State University,206800,1,y,y,y,y,public property,Coppin State University,0,0,0,0,0,0,0,0,0,0,0,0,0,0,0,0,0
2022,162654,Goucher College,207300,1,y,n,n,n,on campus,Goucher College Campus,0,0,3,1,0,0,0,0,1,0,1,6,3,2,4,4,0
2022,162654,Goucher College,207300,1,y,n,n,n,non-campus,Goucher College Campus,0,0,0,0,0,0,0,0,0,0,0,0,0,0,0,0,0
2022,162654,Goucher College,207300,1,y,n,n,n,public property,Goucher College Campus,0,0,0,0,0,0,0,0,0,0,0,0,0,0,0,0,0
2022,162928,Johns Hopkins University,207700,1,y,y,n,n,on campus,JHU  HOMEWOOD  CAMPUS- BALTIMORE- MARYLAND,0,0,2,3,0,0,4,8,5,4,0,26,14,9,5,5,0
2022,162928,Johns Hopkins University,207700,1,y,y,n,n,non-campus,JHU  HOMEWOOD  CAMPUS- BALTIMORE- MARYLAND,0,0,0,2,0,0,0,0,3,0,0,5,0,3,2,2,0
2022,162928,Johns Hopkins University,207700,1,y,y,n,n,public property,JHU  HOMEWOOD  CAMPUS- BALTIMORE- MARYLAND,0,0,0,0,0,0,13,12,0,6,0,31,25,6,0,0,0
2022,163046,Loyola University Maryland,207800,1,y,y,n,n,on campus,Loyola University Maryland Evergreen Campus,0,0,9,3,0,0,0,0,0,1,0,13,9,1,12,12,0
2022,163046,Loyola University Maryland,207800,1,y,y,n,n,non-campus,Loyola University Maryland Evergreen Campus,0,0,0,0,0,0,0,0,1,0,0,1,0,1,0,0,0
2022,163046,Loyola University Maryland,207800,1,y,y,n,n,public property,Loyola University Maryland Evergreen Campus,0,0,0,0,0,0,4,0,0,0,0,4,4,0,0,0,0
2022,163295,Maryland Institute College of Art,208000,1,y,y,n,n,on campus,Main Campus,0,0,4,1,1,0,2,4,0,0,0,12,10,0,6,5,1
2022,163295,Maryland Institute College of Art,208000,1,y,y,n,n,non-campus,Main Campus,0,0,0,1,0,0,3,2,0,1,0,7,5,1,1,1,0
2022,163295,Maryland Institute College of Art,208000,1,y,y,n,n,public property,Main Campus,0,0,0,0,0,0,0,2,0,1,0,3,2,1,0,0,0
2022,164270,McDaniel College,210900,1,y,n,n,n,on campus,Main Campus,0,0,9,4,0,0,0,0,1,1,0,15,9,2,13,13,0
2022,164270,McDaniel College,210900,1,y,n,n,n,non-campus,Main Campus,0,0,0,0,0,0,0,0,0,0,0,0,0,0,0,0,0
2022,164270,McDaniel College,210900,1,y,n,n,n,public property,Main Campus,0,0,0,0,0,0,0,0,0,0,0,0,0,0,0,0,0
2022,163453,Morgan State University,208300,1,y,y,y,y,on campus,Main Campus,1,0,2,0,0,0,2,3,2,0,0,10,8,2,2,0,0
2022,163453,Morgan State University,208300,1,y,y,y,y,non-campus,Main Campus,1,0,0,0,0,0,0,0,0,0,0,1,1,0,0,0,0
2022,163453,Morgan State University,208300,1,y,y,y,y,public property,Main Campus,0,0,0,0,0,0,0,1,0,0,0,1,1,0,0,0,0
2022,163578,Notre Dame of Maryland University,206500,1,y,y,n,n,on campus,Notre Dame of Maryland University,0,0,0,0,0,0,0,0,0,0,0,0,0,0,0,0,0
2022,163578,Notre Dame of Maryland University,206500,1,y,y,n,n,non-campus,Notre Dame of Maryland University,0,0,0,0,0,0,0,0,0,0,0,0,0,0,0,0,0
2022,163578,Notre Dame of Maryland University,206500,1,y,y,n,n,public property,Notre Dame of Maryland University,0,0,0,0,0,0,0,0,0,0,0,0,0,0,0,0,0
2022,164173,Stevenson University,210700,2,y,n,n,n,on campus,Stevenson University Owings Mills Campus,0,0,0,1,0,0,0,4,2,1,0,8,4,3,1,1,0
2022,164173,Stevenson University,210700,2,y,n,n,n,non-campus,Stevenson University Owings Mills Campus,0,0,0,0,0,0,0,0,0,0,0,0,0,0,0,0,0
2022,164173,Stevenson University,210700,2,y,n,n,n,public property,Stevenson University Owings Mills Campus,0,0,0,0,0,0,0,0,0,0,0,0,0,0,0,0,0
2022,164076,Towson University,209900,1,y,n,y,n,on campus,Towson University,0,0,11,3,0,0,1,3,6,1,0,25,15,7,14,14,0
2022,164076,Towson University,209900,1,y,n,y,n,non-campus,Towson University,0,0,0,0,0,0,0,0,5,3,0,8,0,8,0,0,0
2022,164076,Towson University,209900,1,y,n,y,n,public property,Towson University,0,0,0,0,0,0,0,1,0,1,0,2,1,1,0,0,0
2022,163259,University of Maryland- Baltimore,210400,1,y,y,y,n,on campus,Main Campus,0,0,0,0,0,0,2,5,0,2,1,10,7,3,0,0,0
2022,163259,University of Maryland- Baltimore,210400,1,y,y,y,n,non-campus,Main Campus,0,0,0,0,0,0,0,0,0,0,0,0,0,0,0,0,0
2022,163259,University of Maryland- Baltimore,210400,1,y,y,y,n,public property,Main Campus,0,0,0,0,0,0,3,0,0,2,0,5,3,2,0,0,0
2022,163268,University of Maryland-Baltimore County,210500,1,y,n,y,n,on campus,Main Campus,0,0,11,8,0,0,1,2,4,1,2,29,14,7,19,19,0
2022,163268,University of Maryland-Baltimore County,210500,1,y,n,y,n,non-campus,Main Campus,0,0,0,0,0,0,0,0,0,0,0,0,0,0,0,0,0
2022,163268,University of Maryland-Baltimore County,210500,1,y,n,y,n,public property,Main Campus,0,0,0,0,0,0,0,0,0,0,0,0,0,0,0,0,0
2022,162928,Johns Hopkins University,207700,2,y,y,n,n,on campus,Johns Hopkins Medical Institutions- Baltimore- Md.,1,0,1,10,0,0,3,23,7,3,0,48,28,10,11,11,0
2022,162928,Johns Hopkins University,207700,2,y,y,n,n,non-campus,Johns Hopkins Medical Institutions- Baltimore- Md.,0,0,0,0,0,0,0,0,0,0,0,0,0,0,0,0,0
2022,162928,Johns Hopkins University,207700,2,y,y,n,n,public property,Johns Hopkins Medical Institutions- Baltimore- Md.,2,0,0,0,0,0,10,13,0,1,1,27,25,2,0,0,0
2022,162928,Johns Hopkins University,207700,3,y,y,n,n,on campus,Harbor East Campus- Baltimore- Maryland,0,0,0,0,0,0,0,0,0,0,0,0,0,0,0,0,0
2022,162928,Johns Hopkins University,207700,3,y,y,n,n,non-campus,Harbor East Campus- Baltimore- Maryland,0,0,0,0,0,0,0,0,0,0,0,0,0,0,0,0,0
2022,162928,Johns Hopkins University,207700,3,y,y,n,n,public property,Harbor East Campus- Baltimore- Maryland,0,0,0,0,0,0,0,0,0,1,0,1,0,1,0,0,0
2022,162928,Johns Hopkins University,207700,6,y,n,n,n,on campus,JHU Applied Physics Laboratory- Maryland,0,0,0,0,0,0,0,0,0,0,0,0,0,0,0,0,0
2022,162928,Johns Hopkins University,207700,6,y,n,n,n,non-campus,JHU Applied Physics Laboratory- Maryland,0,0,0,0,0,0,0,0,0,0,0,0,0,0,0,0,0
2022,162928,Johns Hopkins University,207700,6,y,n,n,n,public property,JHU Applied Physics Laboratory- Maryland,0,0,0,0,0,0,0,0,0,0,0,0,0,0,0,0,0
2022,162928,Johns Hopkins University,207700,11,y,y,n,n,on campus,Peabody Institute of Johns Hopkins University,0,0,2,1,0,0,0,0,1,0,0,4,2,1,3,3,0
2022,162928,Johns Hopkins University,207700,11,y,y,n,n,non-campus,Peabody Institute of Johns Hopkins University,0,0,0,0,0,0,0,0,0,0,0,0,0,0,0,0,0
2022,162928,Johns Hopkins University,207700,11,y,y,n,n,public property,Peabody Institute of Johns Hopkins University,0,0,0,0,0,0,1,2,0,0,0,3,3,0,0,0,0
2022,162928,Johns Hopkins University,207700,15,y,y,n,n,on campus,Bayview Medical Center,0,0,0,3,0,0,1,21,3,1,0,29,22,4,3,3,0
2022,162928,Johns Hopkins University,207700,15,y,y,n,n,non-campus,Bayview Medical Center,0,0,0,0,0,0,0,0,0,0,0,0,0,0,0,0,0
2022,162928,Johns Hopkins University,207700,15,y,y,n,n,public property,Bayview Medical Center,0,0,0,0,0,0,0,2,0,0,0,2,2,0,0,0,0
2022,163046,Loyola University Maryland,207800,2,y,n,n,n,on campus,Loyola University Maryland Columbia Campus,0,0,0,0,0,0,0,0,0,0,0,0,0,0,0,0,0
2022,163046,Loyola University Maryland,207800,2,y,n,n,n,non-campus,Loyola University Maryland Columbia Campus,0,0,0,0,0,0,0,0,0,0,0,0,0,0,0,0,0
2022,163046,Loyola University Maryland,207800,2,y,n,n,n,public property,Loyola University Maryland Columbia Campus,0,0,0,0,0,0,0,0,0,0,0,0,0,0,0,0,0
2022,163046,Loyola University Maryland,207800,3,y,n,n,n,on campus,Loyola University Maryland Timonium Campus,0,0,0,0,0,0,0,0,0,0,0,0,0,0,0,0,0
2022,163046,Loyola University Maryland,207800,3,y,n,n,n,non-campus,Loyola University Maryland Timonium Campus,0,0,0,0,0,0,0,0,0,0,0,0,0,0,0,0,0
2022,163046,Loyola University Maryland,207800,3,y,n,n,n,public property,Loyola University Maryland Timonium Campus,0,0,0,0,0,0,0,0,0,0,0,0,0,0,0,0,0
2022,163046,Loyola University Maryland,207800,4,y,y,n,n,on campus,Loyola University Belvedere Clinical Center,0,0,0,0,0,0,0,0,0,0,0,0,0,0,0,0,0
2022,163046,Loyola University Maryland,207800,4,y,y,n,n,non-campus,Loyola University Belvedere Clinical Center,0,0,0,0,0,0,0,0,0,0,0,0,0,0,0,0,0
2022,163046,Loyola University Maryland,207800,4,y,y,n,n,public property,Loyola University Belvedere Clinical Center,0,0,0,0,0,0,0,0,0,0,0,0,0,0,0,0,0
2022,164173,Stevenson University,210700,1,y,n,n,n,on campus,Greenspring Campus,0,0,0,0,0,0,0,0,0,0,0,0,0,0,0,0,0
2022,164173,Stevenson University,210700,1,y,n,n,n,non-campus,Greenspring Campus,0,0,0,0,0,0,0,0,0,0,0,0,0,0,0,0,0
2022,164173,Stevenson University,210700,1,y,n,n,n,public property,Greenspring Campus,0,0,0,0,0,0,0,0,0,0,0,0,0,0,0,0,0
2022,164076,Towson University,209900,2,y,n,y,n,on campus,Towson University Northeast,0,0,0,0,0,0,0,0,0,0,0,0,0,0,0,0,0
2022,164076,Towson University,209900,2,y,n,y,n,non-campus,Towson University Northeast,0,0,0,0,0,0,0,0,0,0,0,0,0,0,0,0,0
2022,164076,Towson University,209900,2,y,n,y,n,public property,Towson University Northeast,0,0,0,0,0,0,0,0,0,0,0,0,0,0,0,0,0
